,File.Name,doi,year,authors,first_author.y,keywords,Title,Notes,Study.system,Taxon,Driver.of.change,Data.type,Experimental.design,Time.scale.years,Time.scale.generations,Driver.of.change.std
72,10.1093_jeb_voae068.pdf,10.1093/jeb/voae068,2024,Parvizi; E; Bachler; A; Zwick; A; Walsh; TK; Moritz; C; McGaughran; A,Parvizi,cotton bollworm; genetic drift; insecticide resistance; museum genomics; selection,historical museum samples reveal signals of selection and drift in response to changing insecticide use in an agricultural pest moth,,invertebrate,Helicoverpa armigera,anthropogenic,reduced representation,historical,92,576,anthropogenic
110,10.1111_1755-0998.13167.pdf,10.1111/1755-0998.13167,2020,Gauthier; Jeremy; Pajkovic; Mila; Neuenschwander; Samuel; Kaila; Lauri; Schmid; Sarah; Orlando; Ludovic; Alvarez; Nadir,Gauthier,,Museomics identifies genetic erosion in two butterfly species across the 20th century in Finland,,invertebrate,Butterflies; Erebia embala; Lycaena helle,anthropogenic,reduced representation,historical,106,50-100,anthropogenic
116,10.1111_gcb.17126.pdf,10.1111/gcb.17126,2024,Benham; Phred M.; Walsh; Jennifer; Bowie; Rauri C. K.,Benham,,Spatial variation in population genomic responses to over a century of anthropogenic change within a tidal marsh songbird,,vertebrate,Bird,anthropogenic,reduced representation,historical,128,48,anthropogenic
143,10.1186_s12711-024-00900-y.pdf,10.1186/s12711-024-00900-y,2024,Somenzi E.; Partel E.; Barbato M.; Chero Osorio A.M.; Colli L.; Franceschi N.; Mantovani R.; Pilla F.; Komjanc M.; Achilli A.; Hauffe H.C.; Ajmone Marsan P.,Somenzi,,genetic legacy and adaptive signatures: investigating the history; diversity; and selection signatures in rendena cattle resilient to eighteenth century rinderpest epidemics,,vertebrate,Bos primigenius,anthropogenic,reduced representation,historical,18,4.5,anthropogenic
16,10.1016_j.jasrep.2020.102364.pdf,10.1016/j.jasrep.2020.102364,2020,Fages; Antoine; Seguin-Orlando; Andaine; Germonpre; Mietje; Orlando; Ludovic,Fages,,Horse males became over-represented in archaeological assemblages during the Bronze Age,,vertebrate,Mammal,anthropogenic,WGS,historical,4600 or 40000,500,anthropogenic
8,10.1016_j.cell.2019.03.049.pdf,10.1016/j.cell.2019.03.049,2019,Fages A.; Hangh√∏j K.; Khan N.; Gaunitz C.; Seguin-Orlando A.; Leonardi M.; McCrory Constantz C.; Gamba C.; Al-Rasheid K.A.S.; Albizuri S.; Alfarhan A.H.; Allentoft M.; Alquraishi S.; Anthony D.; Baimukhanov N.; Barrett J.H.; Bayarsaikhan J.; Benecke N.; Bern√°ldez-S√°nchez E.; Berrocal-Rangel L.; Biglari F.; Boessenkool S.; Boldgiv B.; Brem G.; Brown D.; Burger J.; Crub√©zy E.; Daugnora L.; Davoudi H.; de Barros Damgaard P.; de los √Ångeles de Chorro y de Villa-Ceballos M.; Deschler-Erb S.; Detry C.; Dill N.; do Mar Oom M.; Dohr A.; Ellingv√•g S.; Erdenebaatar D.; Fathi H.; Felkel S.; Fern√°ndez-Rodr√≠guez C.; Garc√≠a-Vi√±as E.; Germonpr√© M.; Granado J.D.; Hallsson J.H.; Hemmer H.; Hofreiter M.; Kasparov A.; Khasanov M.; Khazaeli R.; Kosintsev P.; Kristiansen K.; Kubatbek T.; Kuderna L.; Kuznetsov P.; Laleh H.; Leonard J.A.; Lhuillier J.; Liesau von Lettow-Vorbeck C.; Logvin A.; L√µugas L.; Ludwig A.; Luis C.; Arruda A.M.; Marques-Bonet T.; Matoso Silva R.; Merz V.; Mijiddorj E.; Miller B.K.; Monchalov O.; Mohaseb F.A.; Morales A.; Nieto-Espinet A.; Nistelberger H.; Onar V.; P√°lsd√≥ttir A.H.; Pitulko V.; Pitskhelauri K.; Pruvost M.; Rajic Sikanjic P.; Rapan Pape≈°a A.; Roslyakova N.; Sardari A.; Sauer E.; Schafberg R.; Scheu A.; Schibler J.; Schlumbaum A.; Serrand N.; Serres-Armero A.; Shapiro B.; Sheikhi Seno S.; Shevnina I.; Shidrang S.; Southon J.; Star B.; Sykes N.; Taheri K.; Taylor W.; Teegen W.-R.; Trbojeviƒá Vukiƒçeviƒá T.; Trixl S.; Tumen D.; Undrakhbold S.; Usmanova E.; Vahdati A.; Valenzuela-Lamas S.; Viegas C.; Wallner B.; Weinstock J.; Zaibert V.; Clavel B.; Lepetz S.; Mashkour M.; Helgason A.; Stef√°nsson K.; Barrey E.; Willerslev E.; Outram A.K.; Librado P.; Orlando L.,Fages,,Tracking Five Millennia of Horse Management with Extensive Ancient Genome Time Series,,vertebrate,Mammal,anthropogenic,WGS,historical,42669,5333.625,anthropogenic
84,10.1093_molbev_msae108.pdf,10.1093/molbev/msae108,2024,Wang S.-Z.; Yan Y.; Widlund M.; Qian C.-C.; Zhang L.-L.; Zhang S.-J.; Li Z.-M.; Cao P.; Dai Q.-Y.; Feng X.-T.; Liu F.; Wang L.; Gao C.; Fu Q.-M.; Hyt√∂nen M.K.; Lohi H.; Savolainen P.; Wang G.-D.,Wang,artificial selection; elkhound; genetic origin; historic dog fur; lapphund; population genomics,historic dog furs unravel the origin and artificial selection of modern nordic lapphund and elkhound dog breeds,,vertebrate,canis f. familiaris,anthropogenic,WGS,historical,200,160,anthropogenic
25,10.1016_j.soilbio.2019.05.004.pdf,10.1016/j.soilbio.2019.05.004,2019,Sun; Shan; Badgley; Brian D.,Sun,,Changes in microbial functional genes within the soil metagenome during forest ecosystem restoration,,microbes,,anthropogenic,metagenomics,repeated,31 or 25,#N/A,anthropogenic
120,10.1111_mec.12260.pdf,10.1111/mec.12260,2013,Therkildsen N.O.; Hemmer-Hansen J.; Als T.D.; Swain D.P.; Morgan M.J.; Trippel E.A.; Palumbi S.R.; Meldrup D.; Nielsen E.E.,Therkildsen,fisheries-induced evolution; Gadus morhua; genome scan; historical DNA; selection; temporal,microevolution in time and space: snp analysis of historical dna reveals dynamic signatures of selection in atlantic cod,,vertebrate,gadus morhua,anthropogenic,reduced representation,repeated,80,9,anthropogenic
112,10.1111_cobi.13889.pdf,10.1111/cobi.13889,2022,Marshall; Imogen R.; Brauer; Chris J.; Wedderburn; Scotte D.; Whiterod; Nick S.; Hammer; Michael P.; Barnes; Thomas C.; Attard; Catherine R. M.; Moeller; Luciana M.; Beheregaray; Luciano B.,Marshall,,Longitudinal monitoring of neutral and adaptive genomic diversity in a reintroduction,,vertebrate,Fish,anthropogenic,WGS,repeated,11,6.111111111,anthropogenic
36,10.1038_s41558-023-01696-3.pdf,10.1038/s41558-023-01696-3,2023,Turbek; SP; Bossu; C; Rayne; C; Gruppi; C; Kus; BE; Whitfield; M; Smith; TB; Paxton; EH; Bay; RA; Ruegg; KC,Turbek,,historical dna reveals climate adaptation in an endangered songbird,Generation time from https://www.fs.usda.gov/rm/pubs/rmrs_gtr060.pdf,vertebrate,Empidonax traillii extimus,climate change; anthropogenic,WGS,historical,35,23,anthropogenic
39,10.1038_s41559-022-01665-7.pdf,10.1038/s41559-022-01665-7,2022,Frei; D; De-Kayne; R; Selz; OM; Seehausen; O; Feulner; PGD,Frei,,genomic variation from an extinct species is retained in the extant radiation following speciation reversal,,vertebrate,Coregonus gutturosus; C. arenicolus; C. wartmanni; C. macrophthalmus,climate change; anthropogenic,WGS,historical,80,16,anthropogenic
113,10.1111_eva.12594.pdf,10.1111/eva.12594,2019,Wales; N; Akman; M; Watson; RHB; Barreiro; FS; Smith; BD; Gremillion; KJ; Gilbert; MTP; Blackman; BK,Wales,ancient DNA; archaeobotany; domestication; genetic bottleneck; Helianthus annuus; paleogenomics; plant evolution; sunflower,ancient dna reveals the timing and persistence of organellar genetic bottlenecks over 3;000 years of sunflower domestication and improvement,,plant,H. annuus spp. annus & macrocarpus,domestication; anthropogenic,poolseq,historical,"3,100",,anthropogenic
67,10.1093_gbe_evae114.pdf,10.1093/gbe/evae114,2024,Larsson; MNA; Miranda; PM; Pan; L; Vural; KB; Kaptan; D; Soares; AER; Kivikero; H; Kantanen; J; Somel; M; √ñzer; F; Johansson; AM; Stor√•; J; G√ºnther; T,Larsson,sheep; ancient DNA; Baltic; breeds; domestication,ancient sheep genomes reveal four millennia of north european short-tailed sheep in the baltic sea region,Assuming 3 year generation time from here https://www.ncbi.nlm.nih.gov/pmc/articles/PMC8826587/,vertebrate,Ovis aires,domestication; anthropogenic,WGS,historical,4151,1383.666667,anthropogenic
114,10.1111_eva.13656.pdf,10.1111/eva.13656,2024,Howe; NS; Hale; MC; Waters; CD; Schaal; SM; Shedd; KR; Larson; WA,Howe,domestication selection; hatchery; low-coverage whole-genome sequencing; rapid adaptation; salmon; Southeast Alaska,genomic evidence for domestication selection in three hatchery populations of chinook salmon; oncorhynchus tshawytscha,,vertebrate,Oncorhynchus tshawytscha,domestication; anthropogenic,WGS,historical,32,9,anthropogenic
145,10.1186_s12862-021-01789-7.pdf,10.1186/s12862-021-01789-7,2021,O‚ÄôHara N.B.; Franks S.J.; Kane N.C.; Tittes S.; Rest J.S.,O‚ÄôHara,Alternaria brassicae; Brassica rapa; Climate change; Drought; Necrotrophic fungal pathogen response; Resurrection approach,evolution of pathogen response genes associated with increased disease susceptibility during adaptation to an extreme drought in a brassica rapa plant population,Resurrection experiment,plant,Brassica rapa,climate change; anthropogenic,WGS,historical,27,27,anthropogenic
164,10.1371_journal.ppat.1010993.pdf,10.1371/journal.ppat.1010993,2022,Carrasquilla; M; Early; AM; Taylor; AR; Ospina; AK; Echeverry; DF; Anderson; TJC; Mancilla; E; Aponte; S; C√°rdenas; P; Buckee; CO; Rayner; JC; S√°enz; FE; Neafsey; DE; Corredor; V,Carrasquilla,,resolving drug selection and migration in an inbred south american plasmodium falciparum population with identity-by-descent analysis,,microbes,Plasmodium falciparum,drug resistance; anthropogenic,WGS,repeated,24,4370,anthropogenic
129,10.1111_mec.16933.pdf,10.1111/mec.16933,2024,Besnier F.; Skaala √ò.; Wennevik V.; Ayllon F.; Utne K.R.; Fjeldheim P.T.; Andersen-Fjeldheim K.; Knutar S.; Glover K.A.,Besnier,phenotypic plasticity; salmon maturation; sexual conflict; six6; vgll3,overruled by nature: a plastic response to environmental change disconnects a gene and its trait,Generation time seems hard to estimate; they discuss proportion of salmon that are mature at 1 year; so I'm going to say 1.5 year gen time,vertebrate,Salmo salar,climate change; anthropogenic,reduced representation,historical,33,22,anthropogenic
59,10.1093_gbe_evab070.pdf,10.1093/gbe/evab070,2021,Maddamsetti; R,Maddamsetti,purifying selection; experimental evolution; protein evolution,universal constraints on protein evolution in the long-term evolution experiment with escherichia coli,,microbes,escherichia coli,experimental,metagenomics,experimental,30,60000,experimental
1,10.1002_ece3.2402.pdf,10.1002/ece3.2402,2016,Nouhaud P.; Tobler R.; Nolte V.; Schl√∂tterer C.,Nouhaud,Adaptation; evolve and resequence; experimental evolution; isofemale line; whole-genome sequencing,ancestral population reconstitution from isofemale lines as a tool for experimental evolution,,invertebrate,Drosophila simulans & melanogaster,experimental,poolseq,experimental,3,50,experimental
4,10.1002_evl3.143.pdf,10.1002/evl3.143,2019,Hoedjes K.M.; van den Heuvel J.; Kapun M.; Keller L.; Flatt T.; Zwaan B.J.,Hoedjes,Adaptation; diet; longevity; reproduction; ‚Äúevolve and resequence‚Äù,distinct genomic signals of lifespan and life history evolution in response to postponed reproduction and larval diet in drosophila,,invertebrate,Drosophila melanogaster,experimental,poolseq,experimental,NA,40,experimental
33,10.1038_s41467-022-31622-8.pdf,10.1038/s41467-022-31622-8,2022,Stern D.B.; Anderson N.W.; Diaz J.A.; Lee C.E.,Stern,,genome-wide signatures of synergistic epistasis during parallel adaptation in a baltic sea copepod,Time scale year generated from 10.1080/01647959108683894,microbes,Rhizoglyphus robini,experimental,poolseq,experimental,NA,45,experimental
40,10.1038_s41559-022-01816-w.pdf,10.1038/s41559-022-01816-w,2022,Parrett J.M.; Chmielewski S.; Aydogdu E.; ≈Åukasiewicz A.; Rombauts S.; Szubert-Kruszy≈Ñska A.; Babik W.; Konczal M.; Radwan J.,Parrett,,genomic evidence that a sexually selected trait captures genome-wide variation and facilitates the purging of genetic load,3 part paper; starts with experimental evolution; then simulation; then natural evolution. Time scale years calculated with 10.1111/eva.12334,microbes,Eurytemora affinis,experimental,poolseq,experimental,NA,10,experimental
50,10.1073_pnas.1714246115.pdf,10.1073/pnas.1714246115,2018,Burghardt L.T.; Epstein B.; Guhlin J.; Nelson M.S.; Taylor M.R.; Young N.D.; Sadowsky M.J.; Tiffin P.,Burghardt,Ensifer meliloti; Evolve and resequence; Facultative mutualism; Medicago; Synthetic community,select and resequence reveals relative fitness of bacteria in symbiotic and free-living environments,,microbes, Ensifer meliloti ,experimental,poolseq,experimental,0.15,,experimental
55,10.1093_gbe_evaa036.pdf,10.1093/gbe/evaa036,2020,Burny C.; Nolte V.; Nouhaud P.; Dolezal M.; Schl√∂tterer C.; Baer C.,Burny,Drosophila simulans; evolve and resequence; experimental evolution; repeatability of evolution,secondary evolve and resequencing: an experimental confirmation of putative selection targets without phenotyping,Time scale years calculated from https://doi.org/10.1016/B978-012158861-8/50007-7,invertebrate,Drosophila simulans,experimental,poolseq,experimental,2.5,70,experimental
62,10.1093_gbe_evab239.pdf,10.1093/gbe/evab239,2021,Burny C.; Nolte V.; Dolezal M.; Schl√∂tterer C.,Burny,Drosophila melanogaster; evolve and resequence; experimental evolution; inbred strains; parallelism; polygenic trait,highly parallel genomic selection response in replicated drosophila melanogaster populations with reduced genetic variation,Time scale years calculated from 10.1007/978-1-59745-365-3_3,invertebrate,Drosophila melanogaster,experimental,poolseq,experimental,NA,20,experimental
65,10.1093_gbe_evad113.pdf,10.1093/gbe/evad113,2023,Barata C.; Snook R.R.; Ritchie M.G.; Kosiol C.,Barata,,Selection on the Fly: Short-Term Adaptation to an Altered Sexual Selection Regime in Drosophila pseudoobscura,,invertebrate,Drosophila pseudoobscura,experimental,poolseq,experimental,#N/A,200,experimental
81,10.1093_molbev_msac248.pdf,10.1093/molbev/msac248,2022,Linder R.A.; Zabanavar B.; Majumder A.; Hoang H.C.-S.; Delgado V.G.; Tran R.; La V.T.; Leemans S.W.; Long A.D.,Linder,complex traits; evolve and resequence; experimental evolution; yeast,adaptation in outbred sexual yeast is repeatable; polygenic and favors rare haplotypes,,microbes,Saccharomyces cerevisiae,experimental,poolseq,experimental,12,200,experimental
87,10.1093_molbev_mst205.pdf,10.1093/molbev/mst205,2014,Tobler R.; Franssen S.U.; Kofler R.; Orozco-Terwengel P.; Nolte V.; Hermisson J.; Schl√∂tterer C.,Tobler,adaptation; D. melanogaster; evolutionary genomics; experimental evolution; next-generation sequencing; standing genetic variation,massive habitat-specific genomic response in d. melanogaster populations during experimental evolution in hot and cold environments,Time scale years calculated from 10.1007/978-1-59745-365-3_3,invertebrate,Drosophila melanogaster,experimental,poolseq,experimental,NA,15,experimental
93,10.1093_molbev_msv248.pdf,10.1093/molbev/msv248,2016,Jha A.R.; Zhou D.; Brown C.D.; Kreitman M.; Haddad G.G.; White K.P.,Jha,adaptation; complex traits; evolution; evolve and resequence; experimental evolution; high-altitude adaptation; hypoxia; polygenic traits; pooled sequencing,shared genetic signals of hypoxia adaptation in drosophila and in high-altitude human populations,Time scale years calculated from 10.1007/978-1-59745-365-3_3,invertebrate,Drosophila melanogaster,experimental,poolseq,experimental,NA,17,experimental
96,10.1093_molbev_msx254.pdf,10.1093/molbev/msx254,2018,Hardy C.M.; Burke M.K.; Everett L.J.; Han M.V.; Lantz K.M.; Gibbs A.G.,Hardy,Drosophila melanogaster; evolve and resequence; experimental evolution; metabolism; obesity; starvation selection,genome-wide analysis of starvation-selected drosophila melanogaster-a genetic model of obesity,,invertebrate,Drosophila melanogaster,experimental,poolseq,experimental,NA,83,experimental
118,10.1111_jeb.13764.pdf,10.1111/jeb.13764,2021,Selveshwari S.; Lele K.; Dey S.,Selveshwari,antibiotic resistance; evolve and resequence; exponential phase; lag phase; UV damage,genomic signatures of uv resistance evolution in escherichia coli depend on the growth phase during exposure,,microbes,Escherichia coli,experimental,poolseq,experimental,NA,"7,200",experimental
124,10.1111_mec.15687.pdf,10.1111/mec.15687,2020,Phillips M.A.; Kutch I.C.; Long A.D.; Burke M.K.,Phillips,adaptation; experimental evolution; genomics; population genomics,increased time sampling in an evolve-and-resequence experiment with outcrossing saccharomyces cerevisiae reveals multiple paths of adaptive change,,microbes,Saccharomyces cerevisiae,experimental,poolseq,experimental,18 weeks,540,experimental
151,10.1186_s13059-018-1503-4.pdf,10.1186/s13059-018-1503-4,2018,Mallard F.; Nolte V.; Tobler R.; Kapun M.; Schl√∂tterer C.,Mallard,Evolve and resequence; Experimental evolution; Pool-Seq; RNASeq; Thermal adaptation,a simple genetic basis of adaptation to a novel thermal environment results in complex metabolic rewiring in drosophila,,invertebrate,Drosophila simulans,experimental,poolseq,experimental,,59,experimental
168,10.1534_g3.117.043349.pdf,10.1534/g3.117.043349,2017,Barghi N.; Tobler R.; Nolte V.; Schl√∂tterer C.,Barghi,Chromosomal; Drosophila; Drosophila; Evolution; Evolve and; Experimental; Inversions; Melanogaster; Resequence; Simulans,drosophila simulans: a species with improved resolution in evolve and resequence studies,,invertebrate,Drosophila melanogaster,experimental,poolseq,experimental,NA,60,experimental
170,10.1534_genetics.118.301824.pdf,10.1534/genetics.118.301824,2019,Kelly J.K.; Hughes K.A.,Kelly,Drosophila simulans; Evolve-and-resequence; Genomics,pervasive linked selection and intermediate-frequency alleles are implicated in an evolve-and-resequencing experiment of drosophila simulans,Time scale generation calculated from https://doi.org/10.1016/B978-012158861-8/50007-7,invertebrate,Drosophila simulans,experimental,poolseq,experimental,NA,15,experimental
51,10.1073_pnas.2201521119.pdf,10.1073/pnas.2201521119,2022,Brennan R.S.; deMayo J.A.; Dam H.G.; Finiguerra M.; Baumann H.; Buffalo V.; Pespeni M.H.,Brennan,evolve and resequence; global change adaptation; zooplankton evolution,experimental evolution reveals the synergistic genomic mechanisms of adaptation to ocean warming and acidification in a marine copepod,,microbes,Acartia tonsa (temperature and acidification),experimental,reduced representation,experimental,1,25,experimental
104,10.1098_rspb.2022.1857.pdf,10.1098/rspb.2022.1857,2022,Burny C.; Nolte V.; Dolezal M.; Schl√∂tterer C.,Burny,Drosophila melanogaster; experimental evolution; local adaptation; parallel evolution; temperature adaptation,genome-wide selection signatures reveal widespread synergistic effects of two different stressors in drosophila melanogaster,,invertebrate,Drosophila melanogaster,experimental,reduced representation,experimental,NA,20,experimental
119,10.1111_jeb.14152.pdf,10.1111/jeb.14152,2023,Johnson S.E.; Tittes S.; Franks S.J.,Johnson,Brassica rapa; drought adaptation; experimental evolution; parallel evolution; rapid evolution; resurrection approach,rapid; nonparallel genomic evolution of brassica rapa (field mustard) under experimental drought,,plant,Brassica rapa,experimental,reduced representation,experimental,NA,6,experimental
26,10.1016_j.watres.2022.118556.pdf,10.1016/j.watres.2022.118556,2022,Qi P.; Sun D.; Zhang G.; Li D.; Wu T.; Li Y.,Qi,,Bio-augmentation with dissimilatory nitrate reduction to ammonium (DNRA) driven sulfide-oxidizing bacteria enhances the durability of nitrate-mediated souring control,,bacteria,bacterial community,experimental,metagenomics,experimental,0.03561644 or 0.057534247,#N/A,experimental
57,10.1093_gbe_evaa178.pdf,10.1093/gbe/evaa178,2020,Maddamsetti; Rohan; Grant; Nkrumah A.,Maddamsetti,,Divergent Evolution of Mutation Rates and Biases in the Long-Term Evolution Experiment with <i>Escherichia coli</i>,,bacteria,E coli,experimental,metagenomics,experimental,#N/A,60000,experimental
91,10.1093_molbev_msu320.pdf,10.1093/molbev/msu320,2015,Franssen S.U.; Nolte V.; Tobler R.; Schlotterer C.,Franssen,,Patterns of linkage disequilibrium and long range hitchhiking in evolving experimental drosophila melanogaster populations,,invertebrate,Drosophila melanogaster,experimental,poolseq,experimental,#N/A,67,experimental
107,10.1099_MGEN.0.000553.pdf,10.1099/MGEN.0.000553,2021,Leyn S.A.; Zlamal J.E.; Kurnasov O.V.; Li X.; Elane M.; Myjak L.; Godzik M.; de Crecy A.; Garcia-Alcalde F.; Ebeling M.; Osterman A.L.,Leyn,,Experimental evolution in morbidostat reveals converging genomic trajectories on the path to triclosan resistance,,bacteria,E coli,experimental,WGS,experimental,0.02191781,288,experimental
123,10.1111_mec.15579.pdf,10.1111/mec.15579,2020,Langm√ºller A.M.; Schl√∂tterer C.,Langm√ºller,,Low concordance of short-term and long-term selection responses in experimental Drosophila populations,,invertebrate,Drosophila simulans,experimental,poolseq,experimental,#N/A,60,experimental
152,10.1186_s13059-018-1503-4.pdf,10.1186/s13059-018-1503-4,2018,Mallard; Francois; Nolte; Viola; Tobler; Ray; Kapun; Martin; Schloetterer; Christian,Mallard,,A simple genetic basis of adaptation to a novel thermal environment results in complex metabolic rewiring in <i>Drosophila</i>,,invertebrate,Drosophila simulans,experimental,poolseq,experimental,#N/A,64,experimental
153,10.1186_s13059-021-02425-9.pdf,10.1186/s13059-021-02425-9,2021,Otte K.A.; Nolte V.; Mallard F.; Schl√∂tterer C.,Otte,,The genetic architecture of temperature adaptation is shaped by population ancestry and not by selection regime,,invertebrate,Drosophila simulans,experimental,poolseq,experimental,4,50,experimental
157,10.1371_journal.pgen.1009722.pdf,10.1371/journal.pgen.1009722,2021,,,,Forecasting of phenotypic and genetic outcomes of experimental evolution in Pseudomonas protegens,,bacteria,Pseudomonas protegens,experimental,reduced representation,experimental,0.008,7200,experimental
60,10.1093_gbe_evab154.pdf,10.1093/gbe/evab154,2021,Langm√ºller A.M.; Dolezal M.; Schl√∂tterer C.,Langm√ºller,Drosophila; experimental design; experimental evolution; fine mapping; secondary evolve and resequence,fine mapping without phenotyping: identification of selection targets in secondary evolve and resequence experiments,,invertebrate,Drosophila simulans,experimental,simulation,experimental,NA,60,experimental
88,10.1093_molbev_msu048.pdf,10.1093/molbev/msu048,2014,Baldwin-Brown J.G.; Long A.D.; Thornton K.R.,Baldwin-Brown,Adaptive evolution; Evolve and resequence; Experimental evolution; Genomics; QTL detection; Simulation,the power to detect quantitative trait loci using resequenced; experimentally evolved populations of diploid; sexual organisms,,invertebrate,Drosophila melanogaster,experimental,simulation,experimental,NA,"1,000",experimental
7,10.1007_s11262-016-1332-z.pdf,10.1007/s11262-016-1332-z,2016,Wilson; WC; Ruder; MG; Jasperson; D; Smith; TPL; Naraghi-Arani; P; Lenhoff; R; Stallknecht; DE; Valdivia-Granda; WA; Sheoran; D,Wilson,Epizootic hemorrhagic disease; Molecular evolution; Motif fingerprint,molecular evolution of epizootic hemorrhagic disease viruses in north america based on historical isolates using motif fingerprints,,virus,epizootic hemorrhagic disease virus,experimental,WGS,experimental,41,NA,experimental
19,10.1016_j.meegid.2013.03.035.pdf,10.1016/j.meegid.2013.03.035,2013,Borges V.; Ferreira R.; Nunes A.; Sousa-Uva M.; Abreu M.; Borrego M.J.; Gomes J.P.,Borges,Adaptation; Chlamydia trachomatis; Evolution; In vitro propagation; Mutation; Selective advantage,effect of long-term laboratory propagation on chlamydia trachomatis genome dynamics,,microbes,chlamydia trachomatis,experimental,WGS,experimental,1,3500,experimental
24,10.1016_j.meegid.2024.105623.pdf,10.1016/j.meegid.2024.105623,2024,Castiglioni V.G.; Olmo-Uceda M.J.; Mart√≠n S.; F√©lix M.-A.; Gonz√°lez R.; Elena S.F.,Castiglioni,Evolution of virulence; Experimental evolution; Orsay virus; Virus evolution,experimental evolution of an rna virus in caenorhabditis elegans,,virus,Orsay virus,experimental,WGS,experimental,0.16,NA,experimental
28,10.1021_acs.est.2c00793.pdf,10.1021/acs.est.2c00793,2022,Wang H.; Feng Y.; Lu H.,Wang,,Low-Level Cefepime Exposure Induces High-Level Resistance in Environmental Bacteria: Molecular Mechanism and Evolutionary Dynamics,,bacteria,Comamonas testosteroni,experimental,WGS,experimental,0.02739726 or 0.109589041,66.4 or 300,experimental
32,10.1038_s41467-021-21281-6.pdf,10.1038/s41467-021-21281-6,2021,Iranmehr A.; Stobdan T.; Zhou D.; Zhao H.; Kryazhimskiy S.; Bafna V.; Haddad G.G.,Iranmehr,,Multiple mechanisms drive genomic adaptation to extreme O2 levels in Drosophila melanogaster,,invertebrate,Drosophila melanogaster,experimental,WGS,experimental,18,290,experimental
38,10.1038_s41559-020-1271-x.pdf,10.1038/s41559-020-1271-x,2020,Sandberg T.E.; Szubin R.; Phaneuf P.V.; Palsson B.O.,Sandberg,,Synthetic cross-phyla gene replacement and evolutionary assimilation of major enzymes,,bacteria,E coli,experimental,WGS,experimental,#N/A,<1200 or 50000,experimental
69,10.1093_genetics_iyab142.pdf,10.1093/genetics/iyab142,2022,Michelotti L.A.; Sun S.; Heitman J.; James T.Y.,Michelotti,evolve and resequence; experimental evolution; Galleria mellonella; polyploid hybrid; trisomic,clonal evolution in serially passaged cryptococcus neoformans 3 deneoformans hybrids reveals a heterogenous landscape of genomic change,,microbes,Cryptococcus neoformans × deneoformans hybrids (serotype AD hybrids),experimental,WGS,experimental,0.27,,experimental
77,10.1093_molbev_msac182.pdf,10.1093/molbev/msac182,2022,Debray R.; De Luna N.; Koskella B.,Debray,bacteriophages; epistasis; experimental evolution; historical contingency; microbial evolution; parallel evolution,historical contingency drives compensatory evolution and rare reversal of phage resistance,,microbes,Pseudomonas syringae,experimental,WGS,experimental,0.0986,345.6,experimental
80,10.1093_molbev_msac242.pdf,10.1093/molbev/msac242,2022,Ament-Vel√°squez S.L.; Gilchrist C.; R√™go A.; Bendixsen D.P.; Brice C.; Grosse-Sommer J.M.; Rafati N.; Stelkens R.,Ament-Vel√°squez,,The Dynamics of Adaptation to Stress from Standing Genetic Variation and de novo Mutations,,yeast,,experimental,WGS,experimental,0.82,1000,experimental
82,10.1093_molbev_msad108.pdf,10.1093/molbev/msad108,2023,Batarseh; TN; Batarseh; SN; Rodr√≠guez-Verdugo; A; Gaut; BS,Batarseh,epistasis; experimental evolution; historical contingency; diminishing returns,phenotypic and genotypic adaptation of escherichia coli to thermal stress is contingent on genetic background,"e coli ""time in years"" was calculated from given generation # and generation time from https://www.ncbi.nlm.nih.gov/pmc/articles/PMC6015860/",microbes,escherichia coli,experimental,WGS,experimental,0.113,3000,experimental
90,10.1093_molbev_msu256.pdf,10.1093/molbev/msu256,2014,Burke M.K.; Liti G.; Long A.D.,Burke,experimental evolution; population genomics; quantitative trait loci,standing genetic variation drives repeatable experimental evolution in outcrossing populations of saccharomyces cerevisiae,,microbes,Saccharomyces cerevisiae,experimental,WGS,experimental,NA,540,experimental
92,10.1093_molbev_msv033.pdf,10.1093/molbev/msv033,2015,Bailey; SF; Rodrigue; N; Kassen; R,Bailey,parallel evolution; experimental evolution; Pseudomonas fluorescens; selection environment; environmental heterogeneity,the effect of selection environment on the probability of parallel evolution,,microbes,pseudomonas fluorescens,experimental,WGS,experimental,NA,1000,experimental
95,10.1093_molbev_msx247.pdf,10.1093/molbev/msx247,2018,Seabra; Sofia G.; Fragata; Ines; Antunes; Marta A.; Faria; Goncalo S.; Santos; Marta A.; Sousa; Vitor C.; Simoes; Pedro; Matos; Margarida,Seabra,,Different Genomic Changes Underlie Adaptive Evolution in Populations of Contrasting History,,invertebrate,,experimental,WGS,experimental,#N/A,50,experimental
100,10.1093_ve_vex035.pdf,10.1093/ve/vex035,2017,Carratal√†; A; Shim; H; Zhong; QX; Bachmann; V; Jensen; JD; Kohn; T,Carratal√†,virus; experimental evolution; ultraviolet radiation; disinfection; ribavirin; resistance,experimental adaptation of human echovirus 11 to ultraviolet radiation leads to resistance to disinfection and ribavirin,,virus,human echovirus 11,experimental,WGS,experimental,0.164,200,experimental
111,10.1111_1755-0998.13837.pdf,10.1111/1755-0998.13837,2023,Novo; I; P√©rez-Pereira; N; Santiago; E; Quesada; H; Caballero; A,Novo,effective population size; genetic drift; inbreeding; SNPs,an empirical test of the estimation of historical effective population size using drosophila melanogaster,,invertebrate,Drosophila melanogaster,experimental,WGS,experimental,NA,15,experimental
115,10.1111_evo.12849.pdf,10.1111/evo.12849,2016,Phillips K.N.; Castillo G.; W√ºnsche A.; Cooper T.F.,Phillips,Adaptation; Evolvability; Experimental evolution,adaptation of escherichia coli to glucose promotes evolvability in lactose,,microbes,escherichia coli,experimental,WGS,experimental,NA,3000,experimental
137,10.1128_mBio.00987-21.pdf,10.1128/mBio.00987-21,2021,Zlamal; Jaime E.; Leyn; Semen A.; Iyer; Mallika; Elane; Marinela L.; Wong; Nicholas A.; Wamsley; James W.; Vercruysse; Maarten; Garcia-Alcalde; Fernando; Osterman; Andrei L.,Zlamal,,Shared and Unique Evolutionary Trajectories to Ciprofloxacin Resistance in Gram-Negative Bacterial Pathogens,,bacteria,E coli; Acinetobacter baumannii; Pseudomonas aeruginosa,experimental,WGS,experimental,0.010958904,288,experimental
144,10.1186_s12862-016-0662-8.pdf,10.1186/s12862-016-0662-8,2016,Plucain J.; Suau A.; Cruveiller S.; M√©digue C.; Schneider D.; Le Gac M.,Plucain,Adaptation; Epistasis; Escherichia coli; Experimental evolution; Historical contingency,contrasting effects of historical contingency on phenotypic and genomic trajectories during a two-step evolution experiment with bacteria,,microbes,escherichia coli,experimental,WGS,experimental,0.341,1000,experimental
155,10.1371_journal.pbio.2001586.pdf,10.1371/journal.pbio.2001586,2017,Yen P.; Papin J.A.,Yen,,History of antibiotic adaptation influences microbial evolutionary dynamics during subsequent treatment,,bacteria,Pseudomonas aerguinosa,experimental,WGS,experimental,0.05479452 or 0.109589041,180 or 960,experimental
158,10.1371_journal.pgen.1011333.pdf,10.1371/journal.pgen.1011333,2024,Zion S.; Katz S.; Hershberg R.,Zion,,escherichia coli adaptation under prolonged resource exhaustion is characterized by extreme parallelism and frequent historical contingency,,microbes,escherichia coli,experimental,WGS,experimental,6,26280,experimental
166,10.15252_msb.20188462.pdf,10.15252/msb.20188462,2019,Guzm√°n G.I.; Sandberg T.E.; LaCroix R.A.; Nyerges √Å.; Papp H.; de Raad M.; King Z.A.; Hefner Y.; Northen T.R.; Notebaart R.A.; P√°l C.; Palsson B.O.; Papp B.; Feist A.M.,Guzm√°n,,Enzyme promiscuity shapes adaptation to novel growth substrates,,bacteria,E coli,experimental,WGS,experimental,#N/A,350 or 20,experimental
167,10.1534_g3.115.023200.pdf,10.1534/g3.115.023200,2016,Shim H.; Laurent S.; Matuszewski S.; Foll M.; Jensen J.D.,Shim,Approximate Bayesian computation; Change point analysis; Fluctuating selection; Time-sampled data; Wright-Fisher model,detecting and quantifying changing selection intensities from time-sampled polymorphism data,,virus,influenza A,experimental,WGS,experimental,NA,13,experimental
47,10.1038_srep38915.pdf,10.1038/srep38915,2016,Antunes; Luciana Principal; Martins; Layla Farage; Pereira; Roberta Verciano; Thomas; Andrew Maltez; Barbosa; Deibs; Lemos; Leandro Nascimento; Machado Silva; Gianluca Major; Silva Moura; Livia Maria; Condomitti Epamino; George Willian; Digiampietri; Luciano Antonio; Lombardi; Karen Cristina; Ramos; Patricia Locosque; Quaggio; Ronaldo Bento; Franco de Oliveira; Julio Cezar; Pascon; Renata Castiglioni; da Cruz; Joao Batista; da Silva; Aline Maria; Setubal; Joao Carlos,Antunes,,Microbial community structure and dynamics in thermophilic composting viewed through metagenomics and metatranscriptomics,,microbes,,experimental,metagenomics,repeated,0.373584906,#N/A,experimental
146,10.1186_s12862-022-02083-w.pdf,10.1186/s12862-022-02083-w,2022,Muller-Girard; M; Fowles; G; Duchamp; J; Kouneski; S; Mollohan; C; Smyser; TJ; Turner; GG; Westrich; B; Doyle; JM,Muller-Girard,Reproductive skew; Inbreeding; Genetic restoration; Inbreeding depression; Translocation; Landscape genetics; Dispersal,a novel snp assay reveals increased genetic variability and abundance following translocations to a remnant allegheny woodrat population,discussed in lab; SNP panel; generation time from https://www.fs.usda.gov/database/feis/animals/mammal/neci/all.html#16 that references 16. Banfield; A. W. F. 1974. The mammals of Canada. Toronto; ON: University of Toronto Press. 438 p. [21084],vertebrate,neotoma magister,experimental,reduced representation,repeated,3,3.27,experimental
173,10.3390_genes11040400.pdf,10.3390/genes11040400,2020,R√™go A.; Chaturvedi S.; Springer A.; Lish A.M.; Barton C.L.; Kapheim K.M.; Messina F.J.; Gompert Z.,R√™go,Callosobruchus maculatus; Detoxification; Experimental evolution; Gene expression; Genome-wide association mapping; Host shift; Parallel evolution; Plant-insect interaction; Population genomics,combining experimental evolution and genomics to understand how seed beetles adapt to a marginal host plant,,invertebrate,Callosobruchus maculatus,host-pathogen,poolseq,experimental,,108,host-pathogen
102,10.1098_rspb.2015.0801.pdf,10.1098/rspb.2015.0801,2015,Morley V.J.; Mendiola S.Y.; Turner P.E.,Morley,Adaptation; Alphavirus; Contingency; Epistasis; Experimental evolution; Sindbis virus,rate of novel host invasion affects adaptability of evolving rna virus lineages,,virus,sindbis virus,host-pathogen,reduced representation,experimental,variable depending on treatment,variable depending on treatment,host-pathogen
122,10.1111_mec.15085.pdf,10.1111/mec.15085,2019,R√™go A.; Messina F.J.; Gompert Z.,R√™go,approximate Bayesian computation; Callosobruchus maculatus; evolutionary rescue; evolve and resequence; experimental evolution; parallel evolution,dynamics of genomic change during evolutionary rescue in the seed beetle callosobruchus maculatus,,invertebrate,Callosobruchus maculatus,host-pathogen,reduced representation,experimental,1.15,100,host-pathogen
63,10.1093_gbe_evac074.pdf,10.1093/gbe/evac074,2022,Schick A.; Shewaramani S.; Kassen R.,Schick,diversification; evolve-and-resequence experiments; nutrient adaptation; Pseudomonas aeruginosa; spatial structure,genomics of diversification of pseudomonas aeruginosa in cystic fibrosis lung-like conditions,Time scale years calculated from 10.1002/9780471729259.mc06e01s25,microbes,Pseudomonas aeruginosa,host-pathogen,WGS,experimental,0.038,220,host-pathogen
106,10.1099_jgv.0.000258.pdf,10.1099/jgv.0.000258,2015,Diaz A.; Enomoto S.; Romagosa A.; Sreevatsan S.; Nelson M.; Culhane M.; Torremorell M.,Diaz,,Genome plasticity of triple-reassortant H1N1 influenza A virus during infection of vaccinated pigs,,virus,Influenza,host-pathogen,WGS,experimental,0.07692308 or 0.038356164,#N/A,host-pathogen
131,10.1126_sciadv.aax0530.pdf,10.1126/sciadv.aax0530,2019,Retel C.; Kowallik V.; Huang W.; Werner B.; K√ºnzel S.; Becks L.; Feulner P.G.D.,Retel,,The feedback between selection and demography shapes genomic diversity during coevolution,,microbes,,host-pathogen,WGS,experimental,0.2739726 or 100,100,host-pathogen
142,10.1186_1471-2148-13-46.pdf,10.1186/1471-2148-13-46,2013,Bedhomme S.; Lafforgue G.; Elena S.F.,Bedhomme,,genotypic but not phenotypic historical contingency revealed by viral experimental evolution,could not find generation time of this virus,virus,tobacco etch potyvirus,host-pathogen,WGS,experimental,0.287,NA,host-pathogen
99,10.1093_ve_veae012.pdf,10.1093/ve/veae012,2024,Courcelle; M; Salami; H; Tounkara; K; Lo; MM; Ba; A; Diop; M; Niang; M; Sidibe; CA; Sery; A; Dakouo; M; Kaba; L; Sidime; Y; Keyra; M; Diallo; AOS; El Mamy; AB; El Arbi; AS; Barry; Y; Isselmou; E; Habiboullah; H; Doumbia; B; Gueya; MB; Awuni; J; Odoom; T; Ababio; PT; Tawiahyingar; DNY; Coste; C; Guendouz; S; Kwiatek; O; Libeau; G; Bataille; A,Courcelle,morbillivirus; phylogenetics; evolution; small ruminants; epizootic; endemic,comparative evolutionary analyses of peste des petits ruminants virus genetic lineages,,virus,peste des petits ruminants virus,host-pathogen,poolseq,historical,38,NA,host-pathogen
103,10.1098_rspb.2021.0577.pdf,10.1098/rspb.2021.0577,2021,Stahlke A.R.; Epstein B.; Barbosa S.; Margres M.J.; Patton A.H.; Hendricks S.A.; Veillet A.; Fraik A.K.; Sch√∂nfeld B.; McCallum H.I.; Hamede R.; Jones M.E.; Storfer A.; Hohenlohe P.A.,Stahlke,conservation genomics; molecular evolution; RAD-capture; rapid evolution; transmissible cancer; wildlife disease,contemporary and historical selection in tasmanian devils (sarcophilus harrisii) support novel; polygenic response to transmissible cancer,HELP,vertebrate,sarcophilus harrisii,host-pathogen,reduced representation,historical,15,8,host-pathogen
133,10.1128_JB.00587-20.pdf,10.1128/JB.00587-20,2021,Dicks J.; Turnbull J.D.; Russell J.; Parkhill J.; Alexander S.,Dicks,Enterotoxin gene family; Genome analysis; National Collection of Type Cultures; Staphylococcus aureus,genome sequencing of a historic staphylococcus aureus collection reveals new enterotoxin genes and sheds light on the evolution and genomic organization of this key virulence gene family,generation time varies extensively. this paper gives 80 min as long term average for nasal  colonization https://doi.org/10.1186/s12864-019-5604-6,microbes,staphylococcus aureus,host-pathogen,reduced representation,historical,92,604440,host-pathogen
6,10.1007_s00239-021-10008-2.pdf,10.1007/s00239-021-10008-2,2021,Hussain S.; Rasool S.T.; Pottathil S.,Hussain,,The Evolution of Severe Acute Respiratory Syndrome Coronavirus-2 during Pandemic and Adaptation to the Host,,virus,covid,host-pathogen,WGS,historical,0.5 or 0.333333333,24.333309,host-pathogen
9,10.1016_j.chaos.2020.110018.pdf,10.1016/j.chaos.2020.110018,2020,Pathan R.K.; Biswas M.; Khandaker M.U.,Pathan,,Time series prediction of COVID-19 by mutation rate analysis using recurrent neural network-based LSTM model,,virus,covid,host-pathogen,WGS,historical,0.33 or 0.41666667,#N/A,host-pathogen
11,10.1016_j.cub.2016.10.061.pdf,10.1016/j.cub.2016.10.061,2016,Duggan A.T.; Perdomo M.F.; Piombino-Mascali D.; Marciniak S.; Poinar D.; Emery M.V.; Buchmann J.P.; Duch√™ne S.; Jankauskas R.; Humphreys M.; Golding G.B.; Southon J.; Devault A.; Rouillard J.-M.; Sahl J.W.; Dutour O.; Hedman K.; Sajantila A.; Smith G.L.; Holmes E.C.; Poinar H.N.,Duggan,ancient DNA; evolution; Lithuanian Mummy Project; molecular clock; phylogeny; smallpox; variola virus,17th century variola virus reveals the recent history of smallpox,It's just one mummy but kind of cool; generation time 15 days https://www.ncbi.nlm.nih.gov/pmc/articles/PMC2648660/,microbes,variola,host-pathogen,WGS,historical,324,7889.4,host-pathogen
12,10.1016_j.cub.2023.01.064.pdf,10.1016/j.cub.2023.01.064,2023,Eaton K.; Sidhu R.K.; Klunk J.; Gamble J.A.; Boldsen J.L.; Carmichael A.G.; Varlƒ±k N.; Duchene S.; Featherstone L.; Grimes V.; Golding G.B.; DeWitte S.N.; Holmes E.C.; Poinar H.N.,Eaton,ancient DNA; Black Death; phylogeography; plague; re-emerging infectious disease; Scandinavia; Yersinia pestis,emergence; continuity; and evolution of yersinia pestis throughout medieval and early modern denmark,,microbes,Yersina pestis,host-pathogen,WGS,historical,800,"5,606,400",host-pathogen
17,10.1016_j.jfma.2018.01.019.pdf,10.1016/j.jfma.2018.01.019,2019,Gong Y.-N.; Tsao K.-C.; Chen G.-W.,Gong,,Inferring the global phylodynamics of influenza A/H3N2 viruses in Taiwan,,virus,influenza,host-pathogen,WGS,historical,3 or 38,#N/A,host-pathogen
18,10.1016_j.jgg.2020.10.002.pdf,10.1016/j.jgg.2020.10.002,2020,Xu Y.; Kang L.; Shen Z.; Li X.; Wu W.; Ma W.; Fang C.; Yang F.; Jiang X.; Gong S.; Zhang L.; Li M.,Xu,,Dynamics of severe acute respiratory syndrome coronavirus 2 genome variants in the feces during convalescence,,virus,covid,host-pathogen,WGS,historical,0.01369863 or 1-5 days,#N/A,host-pathogen
21,10.1016_j.meegid.2019.03.016.pdf,10.1016/j.meegid.2019.03.016,2019,Arana A.; Jere K.C.; Chaguza C.; Montes M.; Alkorta M.; Iturriza-Gomara M.; Cilla G.,Arana,Acute gastroenteritis; G12 rotavirus; Rotavirus phylodynamics; Wa-like genetic backbone; Whole genome sequencing,molecular epidemiology of g12 rotavirus strains during eight consecutive epidemic seasons in the basque country (north of spain); 2010-2018,Feels kind of phylogeny oriented; can't find generation time,microbes,G12 Rotavirus,host-pathogen,WGS,historical,8,NA,host-pathogen
22,10.1016_j.meegid.2021.105153.pdf,10.1016/j.meegid.2021.105153,2022,Showers W.M.; Leach S.M.; Kechris K.; Strong M.,Showers,,Longitudinal analysis of SARS-CoV-2 spike and RNA-dependent RNA polymerase protein sequences reveals the emergence and geographic distribution of diverse mutations,,virus,covid,host-pathogen,WGS,historical,1,73,host-pathogen
30,10.1038_ncomms3172.pdf,10.1038/ncomms3172,2013,Martin M.D.; Cappellini E.; Samaniego J.A.; Zepeda M.L.; Campos P.F.; Seguin-Orlando A.; Wales N.; Orlando L.; Ho S.Y.W.; Dietrich F.S.; Mieczkowski P.A.; Heitman J.; Willerslev E.; Krogh A.; Ristaino J.B.; Gilbert M.T.P.,Martin,,reconstructing genome evolution in historic samples of the irish potato famine pathogen,gen time of 5 days 10.2478/v10032-012-0016-z,microbes,phytophthora infestans,host-pathogen,WGS,historical,168,11961.6,host-pathogen
34,10.1038_s41467-023-43391-z.pdf,10.1038/s41467-023-43391-z,2024,Pipek O.A.; Medgyes-Horv√°th A.; St√©ger J.; Papp K.; Visontai D.; Koopmans M.; Nieuwenhuijse D.; Oude Munnink B.B.; Cochrane G.; Rahman N.; Cummins C.; Yuan D.Y.; Selvakumar S.; Mansurova M.; O‚ÄôCathail C.; Sokolov A.; Thorne R.; Worp N.; Amid C.; Csabai I.,Pipek,,Systematic detection of co-infection and intra-host recombination in more than 2 million global SARS-CoV-2 samples,,virus,covid,host-pathogen,WGS,historical,2.5,130,host-pathogen
73,10.1093_molbev_msab147.pdf,10.1093/molbev/msab147,2021,Immel; A; Key; FM; Szolek; A; Barquera; R; Robinson; MK; Harrison; GF; Palmer; WH; Spyrou; MA; Susat; J; Krause-Kyora; B; Bos; KI; Forrest; S; Hernandez-Zaragoza; DI; Sauter; J; Solloch; U; Schmidt; AH; Schuenemann; VJ; Reiter; E; Kairies; MS; Weiss; R; Arnold; S; Wahl; J; Hollenbach; JA; Kohlbacher; O; Herbig; A; Norman; PJ; Krause; J,Immel,ancient DNA; aDNA; HLA; plague; Yersinia pestis; human immunity; natural selection,analysis of genomic dna from medieval plague victims suggests long-term effect of yersinia pestis on human immunity genes,,vertebrate,Homo sapiens,host-pathogen,WGS,historical,520,17,host-pathogen
101,10.1093_ve_vez020.pdf,10.1093/ve/vez020,2019,Bialosuknia; SM; Tan; Y; Zink; SD; Koetzner; CA; Maffei; JG; Halpin; RA; Mueller; EA; Novotny; M; Shilts; M; Fedorova; NB; Amedeo; P; Das; SR; Pickett; B; Kramer; LD; Ciota; AT,Bialosuknia,West Nile virus; viral evolution; intrahost diversity; displacement,evolutionary dynamics and molecular epidemiology of west nile virus in new york state: 1999-2015,,virus,west nile virus,host-pathogen,WGS,historical,15,NA,host-pathogen
108,10.1099_mgen.0.001170.pdf,10.1099/mgen.0.001170,2023,Aiewsakun P.; Jamsai B.; Phumiphanjarphak W.; Sawaengdee W.; Palittapongarnpim P.; Mahasirimongkol S.,Aiewsakun,COVID-19; genomic epidemiology; genomic surveillance; public health; spatiotemporal analysis; Thailand,spatiotemporal evolution of sars-cov-2 in the bangkok metropolitan region; thailand; 2020-2022: implications for future outbreak preparedness,,virus,covid-19,host-pathogen,WGS,historical,0.2,NA,host-pathogen
109,10.1099_mgen.0.001170.pdf,10.1099/mgen.0.001170,2023,Aiewsakun P.; Jamsai B.; Phumiphanjarphak W.; Sawaengdee W.; Palittapongarnpim P.; Mahasirimongkol S.,Aiewsakun,,Spatiotemporal evolution of SARS-CoV-2 in the Bangkok metropolitan region; Thailand; 2020‚Äì2022: implications for future outbreak preparedness,,virus,covid,host-pathogen,WGS,historical,3 or 1.8,131.4,host-pathogen
117,10.1111_jam.15806.pdf,10.1111/jam.15806,2022,Wassenaar T.M.; Wanchai V.; Ussery D.W.,Wassenaar,evolution; Monkeypox virus; outbreak; repeat; single nucleotide polymorphism,comparison of monkeypox virus genomes from the 2017 nigeria outbreak and the 2022 outbreak,generation time of 12.5 days sourced from: 10.3201/eid2810.221126,virus,monkeypox virus,host-pathogen,WGS,historical,57,1664.4,host-pathogen
134,10.1128_JVI.01080-14.pdf,10.1128/JVI.01080-14,2014,Nelson M.I.; Wentworth D.E.; Culhane M.R.; Vincent A.L.; Viboud C.; LaPointe M.P.; Lin X.; Holmes E.C.; Detmer S.E.,Nelson,,introductions and evolution of human-origin seasonal influenza a viruses in multinational swine populations,gen time 2.5 days https://academic.oup.com/aje/article/167/7/775/83777,virus,influenza A,host-pathogen,WGS,historical,9,1314,host-pathogen
135,10.1128_JVI.01519-08.pdf,10.1128/JVI.01519-08,2008,Bird B.H.; Githinji J.W.K.; Macharia J.M.; Kasiiti J.L.; Muriithi R.M.; Gacheru S.G.; Musaa J.O.; Towner J.S.; Reeder S.A.; Oliver J.B.; Stevens T.L.; Erickson B.R.; Morgan L.T.; Khristova M.L.; Hartman A.L.; Comer J.A.; Rollin P.E.; Ksiazek T.G.; Nichol S.T.,Bird,,multiple virus lineages sharing recent common ancestry were associated with a large rift valley fever outbreak among livestock in kenya during 2006-2007,Small relevant section: Evidence of interoutbreak RVF virus expansion and ongoing virus lineage evolution since the 1997-1998 epizootic/epidemic.; not sure generation time,microbes,Rift valley fever,host-pathogen,WGS,historical,10,NA,host-pathogen
138,10.1128_mSystems.00495-21.pdf,10.1128/mSystems.00495-21,2021,DebRoy S.; Sanson M.; Shah B.; Regmi S.; Vega L.A.; Odo C.; Sahasrabhojane P.; McGeer A.; Tyrrell G.J.; Fittipaldi N.; Shelburne S.A.; Flores A.R.,DebRoy,Evolution; Exotoxin; Genomics; Group A Streptococcus; M type; Population genetics; Virulence,population genomics of emm4 group a streptococcus reveals progressive replacement with a hypervirulent clone in north america,,microbes,group A Streptococcus (GAS),host-pathogen,WGS,historical,25,219000,host-pathogen
140,10.1128_spectrum.01219-22.pdf,10.1128/spectrum.01219-22,2022,Periwal N.; Rathod S.B.; Sarma S.; Johar G.S.; Jain A.; Barnwal R.P.; Srivastava K.R.; Kaur B.; Arora P.; Sood V.,Periwal,,Time Series Analysis of SARS-CoV-2 Genomes and Correlations among Highly Prevalent Mutations,,virus,covid,host-pathogen,WGS,historical,1.25 or 1.166666667,85.166691,host-pathogen
147,10.1186_s12864-016-3298-6.pdf,10.1186/s12864-016-3298-6,2016,Brown; TS; Narechania; A; Walker; JR; Planet; PJ; Bifani; PJ; Kolokotronis; SO; Kreiswirth; BN; Mathema; B,Brown,Mycobacterium tuberculosis; Whole genome sequencing; Phylogenomics; Surveillance,genomic epidemiology of lineage 4 mycobacterium tuberculosis subpopulations in new york city and new jersey; 1999-2009,Details really hard to find; no generation time reported,microbes,Mycobacterium tuberculosis ,host-pathogen,WGS,historical,10,NA,host-pathogen
148,10.1186_s12864-021-07700-4.pdf,10.1186/s12864-021-07700-4,2021,Peck L.D.; Nowell R.W.; Flood J.; Ryan M.R.; Barraclough T.G.,Peck,Comparative genomics; Effector; Fungi; Fusarium oxysporum; Host adaptation; Proteome,historical genomics reveals the evolutionary mechanisms behind multiple outbreaks of the host-specific coffee wilt pathogen fusarium xylarioides,can be dormant for up to 5-10 years,microbes,fusarium xylarioides,host-pathogen,WGS,historical,52,N/A,host-pathogen
150,10.1186_s12866-021-02158-6.pdf,10.1186/s12866-021-02158-6,2021,Iwasaki Y.; Abe T.; Ikemura T.,Iwasaki,,Human cell-dependent; directional; time-dependent changes in the mono- and oligonucleotide compositions of SARS-CoV-2 genomes,,virus,covid,host-pathogen,WGS,historical,0.83333333,60.8333333,host-pathogen
159,10.1371_journal.pntd.0011527.pdf,10.1371/journal.pntd.0011527,2023,Qin; JL; Shi; LY; Wu; YR; Kong; JJ; Qian; XW; Zhang; XLL; Zuo; XJ; Fan; H; Guo; Y; Cui; MN; Dong; SS; Tan; HL; Zhong; YH; Song; YJ; Yang; RF; Wang; P; Cui; YJ,Qin,,genomic epidemiological analysis of county-scale yersinia pestis spread pattern over 50 years in a southwest chinese prefecture,,microbes,Yersenia pestis,host-pathogen,WGS,historical,54,"378,400",host-pathogen
161,10.1371_journal.pone.0201838.pdf,10.1371/journal.pone.0201838,2018,Hubert J.-N.; Zerjal T.; Hospital F.,Hubert,,Cancer- and behavior-related genes are targeted by selection in the Tasmanian devil (Sarcophilus harrisii),,vertebrate,Mammal,host-pathogen,WGS,historical,15,7.5,host-pathogen
171,10.3201_eid1909.130377.pdf,10.3201/eid1909.130377,2013,Mann; BR; McMullen; AR; Swetnam; DM; Salvato; V; Reyna; M; Guzman; H; Bueno; R; Dennett; JA; Tesh; RB; Barrett; ADT,Mann,,continued evolution of west nile virus; houston; texas; usa; 2002-2012,,virus,west nile virus,host-pathogen,WGS,historical,10,NA,host-pathogen
172,10.3201_eid2701.191541.pdf,10.3201/eid2701.191541,2021,Dienstbier; A; Amman; F; Petr√°ckov√°; D; Stipl; D; Capek; J; Zavadilov√°; J; Fabi√°nov√°; K; Drzm√≠sek; J; Kumar; D; Wildung; M; Pouchnik; D; Vecerek; B,Dienstbier,,comparative omics analysis of historic and recent isolates of bordetella pertussis and effects of genome rearrangements on evolution,,microbes,bordetella pertussis,host-pathogen,WGS,historical,61,,host-pathogen
64,10.1093_gbe_evac153.pdf,10.1093/gbe/evac153,2022,Dyrhage K.; Garcia-Montaner A.; Tamarit D.; Seeger C.; N√§slund K.; Olofsson T.C.; Vasquez A.; Webster M.T.; Andersson S.G.E.,Dyrhage,,Genome Evolution of a Symbiont Population for Pathogen Defense in Honeybees,,microbes,,host-pathogen,metagenomics,repeated,0.25 or 0.333333333,3627.329193,host-pathogen
48,10.1073_pnas.1400378111.pdf,10.1073/pnas.1400378111,2014,Martins N.E.; Faria V.G.; Nolte V.; Schl√∂tterer C.; Teixeira L.; Sucena √â.; Magalh√£es S.,Martins,Drosophila immunity; Evolve and resequence; Experimental evolution; Host-parasite interactions,host adaptation to viruses relies on few genes with different cross-resistance properties,,invertebrate,Drosophila melanogaster,host-pathogen,poolseq,repeated,NA,35,host-pathogen
23,10.1016_j.meegid.2021.105184.pdf,10.1016/j.meegid.2021.105184,2022,Chen Q.-Y.; Jia H.-H.; Wang X.-Y.; Shi Y.-L.; Zhang L.-J.; Hu L.-P.; Wang C.; He X.; Harrison T.J.; Jackson J.B.; Wu L.; Fang Z.-L.,Chen,,Analysis of entire hepatitis B virus genomes reveals reversion of mutations to wild type in natural infection; a 15 year follow-up study,,virus,Hepatits B,host-pathogen,WGS,repeated,15,#N/A,host-pathogen
43,10.1038_s41564-022-01157-1.pdf,10.1038/s41564-022-01157-1,2022,Piel; Damien; Bruto; Maxime; Labreuche; Yannick; Blanquart; Francois; Goudenege; David; Barcia-Cruz; Ruben; Chenivesse; Sabine; Le Panse; Sophie; James; Adele; Dubert; Javier; Petton; Bruno; Lieberman; Erica; Wegner; K. Mathias; Hussain; Fatima A.; Kauffman; Kathryn M.; Polz; Martin F.; Bikard; David; Gandon; Sylvain; Rocha; Eduardo P. C.; Le Roux; Frederique,Piel,,Phage-host coevolution in natural populations,,bacteria/virus,,host-pathogen,WGS,repeated,0.416666667,#N/A,host-pathogen
52,10.1073_pnas.242608099.pdf,10.1073/pnas.242608099,2002,Tanaka Y.; Hanada K.; Mizokami M.; Yeo A.E.T.; Shih J.W.-K.; Gojobori T.; Alter H.J.,Tanaka,,A comparison of the molecular clock of hepatitis C virus in the United States and Japan predicts that hepatocellular carcinoma incidence in the United States will increase over the next two decades,,virus,Hepatits C,host-pathogen,WGS,repeated,7-21.6 or 15.1,#N/A,host-pathogen
53,10.1080_22221751.2022.2040921.pdf,10.1080/22221751.2022.2040921,2022,Wu X.; Zhao S.; Jiang Y.; Xiang X.; Ge L.; Chen Q.; Wang Y.; Vidal J.E.; Yu Y.,Wu,,Effect of pneumococcal conjugate vaccine availability on Streptococcus pneumoniae infections and genetic recombination in Zhejiang; China from 2009 to 2019,,bacteria,Pneumoccocal pneumonia,host-pathogen,WGS,repeated,10,104.2857143,host-pathogen
71,10.1093_infdis_jix298.pdf,10.1093/infdis/jix298,2017,Folkvardsen; Dorte Bek; Norman; Anders; Andersen; Ase Bengard; Rasmussen; Erik Michael; Jelsbak; Lars; Lillebaek; Troels,Folkvardsen,,Genomic Epidemiology of a Major <i>Mycobacterium tuberculosis</i> Outbreak: Retrospective Cohort Study in a Low-Incidence Setting Using Sparse Time-Series Sampling,,bacteria,Tuberculosis,host-pathogen,WGS,repeated,23,11193.33333,host-pathogen
141,10.1128_spectrum.03128-23.pdf,10.1128/spectrum.03128-23,2024,Chaar M.E.; Khoury Y.; Douglas G.M.; Kazzi S.E.; Jisr T.; Soussi S.; Merhi G.; Moghnieh R.A.; Shapiro B.J.,Chaar,,Longitudinal genomic surveillance of multidrug-resistant Escherichia coli carriage in critical care patients,,bacteria,E coli,host-pathogen,WGS,repeated,0.5 or 0.020547945,540,host-pathogen
162,10.1371_journal.ppat.1008298.pdf,10.1371/journal.ppat.1008298,2020,Pearson T.; Sahl J.W.; Hepp C.M.; Handady K.; Hornstra H.; Vazquez A.J.; Settles E.; Mayo M.; Kaestli M.; Williamson C.H.D.; Price E.P.; Sarovich D.S.; Cook J.M.; Wolken S.R.; Bowen R.A.; Tuanyok A.; Foster J.T.; Drees K.P.; Kidd T.J.; Bell S.C.; Currie B.J.; Keim P.,Pearson,,Pathogen to commensal? Longitudinal within-host population dynamics; evolution; and adaptation during a chronic >16-year Burkholderia pseudomallei infection,,bacteria,Burkholderia pseudomallei,host-pathogen,WGS,repeated,16,171624.4898,host-pathogen
175,10.3390_v11080720.pdf,10.3390/v11080720,2019,Kupczok A.; Dagan T.,Kupczok,,Rates of molecular evolution in a marine synechococcus phage lineage,,virus,Cyanophages,host-pathogen,WGS,repeated,17,#N/A,host-pathogen
160,10.1371_journal.pone.0147549.pdf,10.1371/journal.pone.0147549,2016,Huang; Qiang; Chen; Yan Ping; Wang; Rui Wu; Cheng; Shang; Evans; Jay D.,Huang,,Host-Parasite Interactions and Purifying Selection in a Microsporidian Parasite of Honey Bees,,yeast,,host-pathogen,reduced representation,experimental,6,#N/A,host-pathogen
136,10.1128_JVI.02055-14.pdf,10.1128/JVI.02055-14,2014,Boyle D.B.; Amos-Ritchie R.; Broz I.; Walker P.J.; Melville L.; Flanagan D.; Davis S.; Hunt N.; Weir R.,Boyle,,Evolution of bluetongue virus serotype 1 in northern Australia over 30 years,,virus,Bluetongue virus,host-pathogen,WGS,historical,30 or 32,#N/A,host-pathogen
154,10.1371_journal.pbio.0030300.pdf,10.1371/journal.pbio.0030300,2005,Holmes E.C.; Ghedin E.; Miller N.; Taylor J.; Bao Y.; St. George K.; Grenfell B.T.; Salzberg S.L.; Fraser C.M.; Lipman D.J.; Taubenberger J.K.,Holmes,,Whole-genome analysis of human influenza A virus reveals multiple persistent lineages and reassortment among recent H3N2 viruses,,virus, ,host-pathogen,WGS,historical,5 or 4,#N/A,host-pathogen
176,10.3390_vaccines11101537.pdf,10.3390/vaccines11101537,2023,Dieng; I; Balde; D; Talla; C; Camara; D; Barry; MA; Sagne; SN; Gueye; K; Dia; CAKM; Sambe; BS; Fall; G; Sall; AA; Faye; O; Loucoubar; C; Faye; O,Dieng,DENV-3; molecular evolution; Senegal; amino acid changes; vaccine strain; human mAB,molecular evolution of dengue virus 3 in senegal between 2009 and 2022: dispersal patterns and implications for prevention and therapeutic countermeasures,"generation time average from this paper https://doi.org/10.1016/j.epidem.2018.05.011
",virus,dengue fever,host-pathogen,WGS,historical,4,NA,host-pathogen
15,10.1016_j.envres.2023.115695.pdf,10.1016/j.envres.2023.115695,2023,Tao; Bilin; Li; Zhongqi; Wang; Yuting; Wu; Jizhou; Shi; Xinling; Shi; Jinyan; Liu; Qiao; Wang; Jianming,Tao,,Environment pollutants exposure affects the endogenous activation of within-host <i>Mycobacterium tuberculosis</i>,,bacteria,Tuberculosis,host-pathogen; anthropogenic,WGS,repeated,1 or 1.666666667,811.1112733,anthropogenic
2,10.1002_ece3.3699.pdf,10.1002/ece3.3699,2018,Schmid; S; Neuenschwander; S; Pitteloud; C; Heckel; G; Pajkovic; M; Arlettaz; R; Alvarez; N,Schmid,conservation genetics; hybridization capture RAD; phylogeography; population genetics,spatial and temporal genetic dynamics of the grasshopper oedaleus decorus revealed by museum genomics,,invertebrate,Oedaleus decorus,land use; anthropogenic,WGS,historical,140,,anthropogenic
89,10.1093_molbev_msu192.pdf,10.1093/molbev/msu192,2014,Skoglund; P; Sj√∂din; P; Skoglund; T; Lascoux; M; Jakobsson; M,Skoglund,genetic differentiation; F-ST; population structure; time-serial sampling; ancient DNA,investigating population history using temporal genetic differentiation,,simulation,NA,NA,NA,NA,NA,NA,NA
97,10.1093_molbev_msz183.pdf,10.1093/molbev/msz183,2019,Vlachos C.; Kofler R.,Vlachos,evolve and resequence; experimental evolution; forward simulations; GWAS; population genetics; quantitative genetics,optimizing the power to identify the genetic basis of complex traits with evolve and resequence studies,simulation; has implications for experimental design of E&R studies,NA,NA,NA,NA,NA,NA,NA,NA
121,10.1111_mec.13615.pdf,10.1111/mec.13615,2016,Franks S.J.; Kane N.C.; O'Hara N.B.; Tittes S.; Rest J.S.,Franks,adaptation; Brassica rapa; climate change; contemporary evolution; natural selection; population genomics; rapid evolution,rapid genome-wide evolution in brassica rapa populations following drought revealed by sequencing of ancestral and descendant gene pools,generation time 24 days from 10.1111/j.1558-5646.1995.tb04439.x,plant,brassica rapa,natural evolution,poolseq,historical,7,106.45,natural evolution
3,10.1002_ece3.4143.pdf,10.1002/ece3.4143,2018,Cammen; KM; Schultz; TF; Bowen; WD; Hammill; MO; Puryear; WB; Runstadler; J; Wenzel; FW; Wood; SA; Kinnison; M,Cammen,approximate Bayesian computation; gray seal; harbor seal; restriction site-associated DNA sequencing,genomic signatures of population bottleneck and recovery in northwest atlantic pinnipeds,generation time calculated from doi.org/10.1111/j.1469-7998.1964.tb04631.x,vertebrate,Halichoerus grypus atlantica & Phoca vitulina vitulina,natural evolution,reduced representation,historical,42,7,natural evolution
35,10.1038_s41477-019-0437-5.pdf,10.1038/s41477-019-0437-5,2019,Ramos-Madrigal; J; Runge; AKW; Bouby; L; Lacombe; T; Castruita; JAS; Adam-Blondon; AF; Figueiral; I; Hallavant; C; Mart√≠nez-Zapater; JM; Schaal; C; Topfer; R; Petersen; B; Sicheritz-Pont√©n; T; This; P; Bacilieri; R; Gilbert; MTP; Wales; N,Ramos-Madrigal,,palaeogenomic insights into the origins of french grapevine diversity,,plant,vitis vinifera ,natural evolution,reduced representation,historical,2497,624.25,natural evolution
41,10.1038_s41559-023-02114-9.pdf,10.1038/s41559-023-02114-9,2023,Ferraz T.; Suarez Villagran X.; N√§gele K.; Radzeviƒçi≈´tƒó R.; Barbosa Lemes R.; Salazar-Garc√≠a D.C.; Wesolowski V.; Lopes Alves M.; Bastos M.; Rapp Py-Daniel A.; Pinto Lima H.; Mendes Cardoso J.; Estevam R.; Liryo A.; Guimar√£es G.M.; Figuti L.; Eggers S.; Plens C.R.; Azevedo Erler D.M.; Valadares Costa H.A.; da Silva Erler I.; Koole E.; Henriques G.; Solari A.; Martin G.; Serafim Monteiro da Silva S.F.; Kipnis R.; M√ºller L.M.; Ferreira M.; Carvalho Resende J.; Chim E.; da Silva C.A.; Borella A.C.; Tom√© T.; M√ºller Plumm Gomes L.; Barros Fonseca D.; Santos da Rosa C.; de Moura Saldanha J.D.; Costa Leite L.; Cunha C.M.S.; Viana S.A.; Ozorio Almeida F.; Klokler D.; Fernandes H.L.A.; Talamo S.; DeBlasis P.; Mendon√ßa de Souza S.; de Paula Moraes C.; Elias Oliveira R.; H√ºnemeier T.; Strauss A.; Posth C.,Ferraz,,genomic history of coastal societies from eastern south america,oldest is 10556; used some modern data; not sure what to make of results,vertebrate,Homo sapiens,natural evolution,reduced representation,historical,10556,351.8666667,natural evolution
66,10.1093_gbe_evae063.pdf,10.1093/gbe/evae063,2024,Gill; H; Lee; J; Jeong; C,Gill,Siberian ancestry; Syalakh-Belkachi cultures; Yakutia; Baikal; ancient genome,reconstructing the genetic relationship between ancient and present-day siberian populations,,vertebrate,Homo sapiens,natural evolution,reduced representation,historical,"24,000",80,natural evolution
74,10.1093_molbev_msab340.pdf,10.1093/molbev/msab340,2022,Garg; KM; Chattopadhyay; B; Cros; E; Tomassi; S; Benedick; S; Edwards; DP; Rheindt; FE,Garg,Sundaland; Quaternary glacial cycles; babblers; ancient DNA; paleorivers,island biogeography revisited: museomics reveals affinities of shelf island birds determined by bathymetry and paleo-rivers; not by distance to mainland,,vertebrate,Pellorneum spp.,natural evolution,reduced representation,historical,107,32.42424242,natural evolution
76,10.1093_molbev_msac179.pdf,10.1093/molbev/msac179,2022,Dai; SS; Sulaiman; X; Isakova; J; Xu; WF; Abdulloevich; NT; Afanasevna; ME; Ibrohimovich; KB; Chen; X; Yang; WK; Wang; MS; Shen; QK; Yang; XY; Yao; YG; Aldashev; AA; Saidov; A; Chen; W; Cheng; LF; Peng; MS; Zhang; YP,Dai,Central Asia; Kyrgyz; Tajik; admixture; genome; Steppe; Tarim,the genetic echo of the tarim mummies in modern central asians,,vertebrate,Homo sapiens,natural evolution,reduced representation,historical,12000,400,natural evolution
14,10.1016_j.cub.2024.01.056.pdf,10.1016/j.cub.2024.01.056,2024,Laine; Jan; Mak; Sarah S. T.; Martins; Nuno F. G.; Chen; Xihan; Gilbert; M. Thomas P.; Jones; Felicity C.; Pedersen; Mikkel Winther; Romundset; Anders; Foote; Andrew D.,Laine,,Late Pleistocene stickleback environmental genomes reveal the chronology of freshwater adaptation,,vertebrate,Fish,natural evolution,WGS,historical,13070,6535,natural evolution
44,10.1038_s41586-021-03224-9.pdf,10.1038/s41586-021-03224-9,2021,van der Valk T.; Peƒçnerov√° P.; D√≠ez-del-Molino D.; Bergstr√∂m A.; Oppenheimer J.; Hartmann S.; Xenikoudakis G.; Thomas J.A.; Dehasque M.; Saƒülƒ±can E.; Fidan F.R.; Barnes I.; Liu S.; Somel M.; Heintzman P.D.; Nikolskiy P.; Shapiro B.; Skoglund P.; Hofreiter M.; Lister A.M.; G√∂therstr√∂m A.; Dal√©n L.,van,,Million-year-old DNA sheds light on the genomic history of mammoths,,vertebrate,Mammal,natural evolution,WGS,historical,780000,25161.29032,natural evolution
105,10.1098_rstb.2022.0190.pdf,10.1098/rstb.2022.0190,2023,Reid B.N.; Star B.; Pinsky M.L.,Reid,convergence; fisheries-induced evolution; parallel adaptation,detecting parallel polygenic adaptation to novel evolutionary pressure in wild populations: a case study in atlantic cod (gadus morhua),Time scale generation from https://www.fishbase.se/summary/gadus-morhua.html#:~:text=Generation%20time%3A%207.7%20(7.1%20%2D;based%20on%2057%20growth%20studies.,vertebrate,Gadus morhua,natural evolution,simulation,historical,107,14,natural evolution
10,10.1016_j.cub.2015.08.032.pdf,10.1016/j.cub.2015.08.032,2015,Der Sarkissian C.; Ermini L.; Schubert M.; Yang M.A.; Librado P.; Fumagalli M.; J√≥nsson H.; Bar-Gal G.K.; Albrechtsen A.; Vieira F.G.; Petersen B.; Ginolhac A.; Seguin-Orlando A.; Magnussen K.; Fages A.; Gamba C.; Lorente-Galdos B.; Polani S.; Steiner C.; Neuditschko M.; Jagannathan V.; Feh C.; Greenblatt C.L.; Ludwig A.; Abramson N.I.; Zimmermann W.; Schafberg R.; Tikhonov A.; Sicheritz-Ponten T.; Willerslev E.; Marques-Bonet T.; Ryder O.A.; McCue M.; Rieder S.; Leeb T.; Slatkin M.; Orlando L.,Der,,evolutionary genomics and conservation of the endangered przewalski's horse,generation time of 8 years from 10.1038/s41586-024-07597-5,vertebrate,equus ferus ssp. przewalskii,natural evolution,WGS,historical,138,17.25,natural evolution
13,10.1016_j.cub.2023.03.084.pdf,10.1016/j.cub.2023.03.084,2023,D√≠ez-del-Molino D.; Dehasque M.; Chac√≥n-Duque J.C.; Peƒçnerov√° P.; Tikhonov A.; Protopopov A.; Plotnikov V.; Kanellidou F.; Nikolskiy P.; Mortensen P.; Danilov G.K.; Vartanyan S.; Gilbert M.T.P.; Lister A.M.; Heintzman P.D.; van der Valk T.; Dal√©n L.,D√≠ez-del-Molino,,Genomics of adaptive evolution in the woolly mammoth,,vertebrate,Mammal,natural evolution,WGS,historical,700000,28000,natural evolution
27,10.1016_j.ympev.2023.107822.pdf,10.1016/j.ympev.2023.107822,2023,Huynh S.; Cloutier A.; Sin S.Y.W.,Huynh,African parrots; High-throughput sequencing; Historical DNA; Museomics; Museum genomics; Whole-genome re-sequencing,museomics and phylogenomics of lovebirds (psittaciformes; psittaculidae; agapornis) using low-coverage whole-genome sequencing,,vertebrate,Agapornis spp.,natural evolution,WGS,historical,106,71,natural evolution
42,10.1038_s41559-023-02185-8.pdf,10.1038/s41559-023-02185-8,2023,Sun X.; Liu Y.-C.; Tiunov M.P.; Gimranov D.O.; Zhuang Y.; Han Y.; Driscoll C.A.; Pang Y.; Li C.; Pan Y.; Velasco M.S.; Gopalakrishnan S.; Yang R.-Z.; Li B.-G.; Jin K.; Xu X.; Uphyrkina O.; Huang Y.; Wu X.-H.; Gilbert M.T.P.; O‚ÄôBrien S.J.; Yamaguchi N.; Luo S.-J.,Sun,,ancient dna reveals genetic admixture in china during tiger evolution,Mostly phylogenetic; maybe some small nuggets of demography?; article says 5 year gen time,vertebrate,Panthera tigris,natural evolution,WGS,historical,10500,2100,natural evolution
45,10.1038_s41586-022-04824-9.pdf,10.1038/s41586-022-04824-9,2022,Bergstrom; Anders; Stanton; David W. G.; Taron; Ulrike H.; Frantz; Laurent; Sinding; Mikkel-Holger S.; Ersmark; Erik; Pfrengle; Saskia; Cassatt-Johnstone; Molly; Lebrasseur; Ophelie; Girdland-Flink; Linus; Fernandes; Daniel M.; Ollivier; Morgane; Speidel; Leo; Gopalakrishnan; Shyam; Westbury; Michael V.; Ramos-Madrigal; Jazmin; Feuerborn; Tatiana R.; Reiter; Ella; Gretzinger; Joscha; Muenzel; Susanne C.; Swali; Pooja; Conard; Nicholas J.; Caroe; Christian; Haile; James; Linderholm; Anna; Androsov; Semyon; Barnes; Ian; Baumann; Chris; Benecke; Norbert; Bocherens; Herve; Brace; Selina; Carden; Ruth F.; Drucker; Dorothee G.; Fedorov; Sergey; Gasparik; Mihaly; Germonpre; Mietje; Grigoriev; Semyon; Groves; Pam; Hertwig; Stefan T.; Ivanova; Varvara V.; Janssens; Luc; Jennings; Richard P.; Kasparov; Aleksei K.; Kirillova; Irina V.; Kurmaniyazov; Islam; Kuzmin; Yaroslav V.; Kosintsev; Pavel A.; Laznickova-Galetova; Martina; Leduc; Charlotte; Nikolskiy; Pavel; Nussbaumer; Marc; O'Drisceoil; Coilin; Orlando; Ludovic; Outram; Alan; Pavlova; Elena Y.; Perri; Angela R.; Pilot; Malgorzata; Pitulko; Vladimir V.; Plotnikov; Valerii V.; Protopopov; Albert V.; Rehazek; Andre; Sablin; Mikhail; Seguin-Orlando; Andaine; Stora; Jan; Verjux; Christian; Zaibert; Victor F.; Zazula; Grant; Crombe; Philippe; Hansen; Anders J.; Willerslev; Eske; Leonard; Jennifer A.; Gotherstrom; Anders; Pinhasi; Ron; Schuenemann; Verena J.; Hofreiter; Michael; Gilbert; M. Thomas P.; Shapiro; Beth; Larson; Greger; Krause; Johannes; Dalen; Love; Skoglund; Pontus,Bergstrom,,Grey wolf genomic history reveals a dual ancestry of dogs,,vertebrate,Mammal,natural evolution,WGS,historical,100000 or 300000,30000 or 100000,natural evolution
49,10.1073_pnas.1620410114.pdf,10.1073/pnas.1620410114,2017,Lindo J.; Achilli A.; Perego U.A.; Archer D.; Valdiosera C.; Petzelt B.; Mitchell J.; Worl R.; Dixon E.J.; Fifield T.E.; Rasmussen M.; Willerslev E.; Cybulski J.S.; Kemp B.M.; DeGiorgio M.; Malhi R.S.,Lindo,,Ancient individuals from the North American Northwest Coast reveal 10;000 years of regional genetic continuity,,vertebrate,,natural evolution,WGS,historical,12300 or 10300,412,natural evolution
58,10.1093_gbe_evaa188.pdf,10.1093/gbe/evaa188,2020,Parejo; M; Wragg; D; Henriques; D; Charri√®re; JD; Estonba; A,Parejo,Apis mellifera mellifera; museum genomics; genetic diversity; selection signatures; haplotype phasing; biodiversity,digging into the genomic past of swiss honey bees by whole-genome sequencing museum specimens,,invertebrate,Apis mellifera mellifera,natural evolution,WGS,historical,141,56,natural evolution
61,10.1093_gbe_evab237.pdf,10.1093/gbe/evab237,2021,Colbran L.L.; Johnson M.R.; Mathieson I.; Capra J.A.,Colbran,,Tracing the Evolution of Human Gene Regulation and Its Association with Shifts in Environment,,vertebrate,Mammal,natural evolution,WGS,historical,38000,1266.666667,natural evolution
68,10.1093_gbe_evy007.pdf,10.1093/gbe/evy007,2018,Cridland J.M.; Ramirez S.R.; Dean C.A.; Sciligo A.; Tsutsui N.D.,Cridland,Apis mellifera; demography; population genomics,genome sequencing of museum specimens reveals rapid changes in the genetic composition of honey bees in california,"8 weeks/generation from https://doi.org/10.1016/S0065-2806(06)33001-9
",invertebrate,apis mellifera,natural evolution,WGS,historical,105,682.5,natural evolution
75,10.1093_molbev_msac014.pdf,10.1093/molbev/msac014,2022,Aneli; S; Saupe; T; Montinaro; F; Solnik; A; Molinaro; L; Scaggion; C; Carrara; N; Raveane; A; Kivisild; T; Metspalu; M; Scheib; CL; Pagani; L,Aneli,ancient DNA; Dauni; Iron Age; Southern Italy,the genetic origin of daunians and the pan-mediterranean southern italian iron age context,,vertebrate,Homo sapiens,natural evolution,WGS,historical,"1,000",33,natural evolution
83,10.1093_molbev_msae053.pdf,10.1093/molbev/msae053,2024,Poyraz L.; Colbran L.L.; Mathieson I.,Poyraz,,Predicting Functional Consequences of Recent Natural Selection in Britain,,vertebrate,,natural evolution,WGS,historical,4500,167.2862454,natural evolution
94,10.1093_molbev_msw254.pdf,10.1093/molbev/msw254,2017,Wecek K.; Hartmann S.; Paijmans J.L.A.; Taron U.; Xenikoudakis G.; Cahill J.A.; Heintzman P.D.; Shapiro B.; Baryshnikov G.; Bunevich A.N.; Crees J.J.; Dobosz R.; Manaserian N.; Okarma H.; Tokarska M.; Turvey S.T.; Wojcik J.M.; Zy≈Ça W.; Szymura J.M.; Hofreiter M.; Barlow A.,Wecek,Admixture; Ancient DNA; Aurochs; Bison bonasus; Domestic cattle; European bison; Hybridization,complex admixture preceded and followed the extinction of wisent in the wild,generation time/range given in article,vertebrate,bison bonasus,natural evolution,WGS,historical,642,132.09,natural evolution
156,10.1371_journal.pbio.3002333.pdf,10.1371/journal.pbio.3002333,2023,Shpak M.; Ghanavi H.R.; Lange J.D.; Pool J.E.; Stensmyr M.C.,Shpak,,genomes from historical drosophila melanogaster specimens illuminate adaptive and demographic changes across more than 200 years of evolution,,invertebrate,Drosophila melanogaster,natural evolution,WGS,historical,223,8505,natural evolution
163,10.1371_journal.ppat.1009744.pdf,10.1371/journal.ppat.1009744,2021,Tohma; K; Lepore; CJ; Martinez; M; Degiuseppe; JI; Khamrin; P; Saito; M; Mayta; H; Nwaba; AUA; Ford-Siltz; LA; Green; KY; Galeano; ME; Zimic; M; Stupka; JA; Gilman; RH; Maneekarn; N; Ushijima; H; Parra; GI,Tohma,,genome-wide analyses of human noroviruses provide insights on evolutionary dynamics and evidence of coexisting viral populations evolving under recombination constraints,,virus,Norovirus,natural evolution,WGS,historical,47,"4,765",natural evolution
165,10.1371_journal.ppat.1012090.pdf,10.1371/journal.ppat.1012090,2024,Yu Q.; Ascensao J.A.; Okada T.; Boyd O.; Volz E.; Hallatschek O.,Yu,,Lineage frequency time series reveal elevated levels of genetic drift in SARS-CoV-2 transmission in England,,virus,covid,natural evolution,WGS,historical,1.75,127.75,natural evolution
174,10.3390_pathogens12081065.pdf,10.3390/pathogens12081065,2023,Norris M.H.; Zincke D.; Daegling D.J.; Krigbaum J.; McGraw W.S.; Kirpich A.; Hadfield T.L.; Blackburn J.K.,Norris,anthrax; Bacillus; Bcbva; emerging infections; phylogenomics; toxin,genomic and phylogenetic analysis of bacillus cereus biovar anthracis isolated from archival bone samples reveals earlier natural history of the pathogen,,microbes,Bacillus cereus biovar anthracis,natural evolution,WGS,historical,16,"186,880",natural evolution
177,10.7554_eLife.64971.pdf,10.7554/eLife.64971,2021,Dom√≠nguez-Andr√©s J.; Kuijpers Y.; Bakker O.B.; Jaeger M.; Xu C.-J.; Van der Meer J.W.M.; Jakobsson M.; Bertranpetit J.; Joosten L.A.B.; Li Y.; Netea M.G.,Dom√≠nguez-Andr√©s,,evolution of cytokine production capacity in ancient and modern european populations,uses published data; assumed generation time 30 years ,vertebrate,Homo sapiens,natural evolution,WGS,historical,25000,833.3333333,natural evolution
29,10.1038_ismej.2015.241.pdf,10.1038/ismej.2015.241,2016,Bendall M.L.; Stevens S.L.R.; Chan L.-K.; Malfatti S.; Schwientek P.; Tremblay J.; Schackwitz W.; Martin J.; Pati A.; Bushnell B.; Froula J.; Kang D.; Tringe S.G.; Bertilsson S.; Moran M.A.; Shade A.; Newton R.J.; McMahon K.D.; Malmstrom R.R.,Bendall,,Genome-wide selective sweeps and gene-specific sweeps in natural bacterial populations,,bacteria,bacterial community,natural evolution,metagenomics,repeated,9,#N/A,natural evolution
46,10.1038_s41591-019-0559-3.pdf,10.1038/s41591-019-0559-3,2019,Poyet M.; Groussin M.; Gibbons S.M.; Avila-Pacheco J.; Jiang X.; Kearney S.M.; Perrotta A.R.; Berdy B.; Zhao S.; Lieberman T.D.; Swanson P.K.; Smith M.; Roesemann S.; Alexander J.E.; Rich S.A.; Livny J.; Vlamakis H.; Clish C.; Bullock K.; Deik A.; Scott J.; Pierce K.A.; Xavier R.J.; Alm E.J.,Poyet,,A library of human gut bacterial isolates paired with longitudinal multiomics data enables mechanistic microbiome research,,microbes,,natural evolution,metagenomics,repeated,1.5,#N/A,natural evolution
132,10.1128_AEM.00179-18.pdf,10.1128/AEM.00179-18,2018,Patin; Nastassia; V; Pratte; Zoe A.; Regensburger; Matthew; Hall; Eric; Glide; Kailen; Dove; Alistair D. M.; Stewart; Frank J.,Patin,,Microbiome Dynamics in a Large Artificial Seawater Aquarium,,microbes,,natural evolution,metagenomics,repeated,1.166666667,#N/A,natural evolution
139,10.1128_msystems.01477-21.pdf,10.1128/msystems.01477-21,2022,Hwang; Yunha; Girguis; Peter R.,Hwang,,Differentiated Evolutionary Strategies of Genetic Diversification in Atlantic and Pacific Thaumarchaeal Populations,,bacteria,,natural evolution,metagenomics,repeated,2 or 1,#N/A,natural evolution
149,10.1186_s12866-017-1111-6.pdf,10.1186/s12866-017-1111-6,2017,Valseth; Karoline; Nesbo; Camilla L.; Easterday; W. Ryan; Turner; Wendy C.; Olsen; Jaran S.; Stenseth; Nils Chr.; Haverkamp; Thomas H. A.,Valseth,,Temporal dynamics in microbial soil communities at anthrax carcass sites,,microbes,,natural evolution,metagenomics,repeated,0.082191781,#N/A,natural evolution
5,10.1002_evl3.269.pdf,10.1002/evl3.269,2022,Saleh; D; Chen; J; Lepl√©; JC; Leroy; T; Truffaut; L; Dencausse; B; Lalanne; C; Labadie; K; Lesur; I; Bert; D; Lagane; F; Morneau; F; Aury; JM; Plomion; C; Lascoux; M; Kremer; A,Saleh,Anthropocene; evolution; linked selection; Little Ice Age; Quercus petraea,genome-wide evolutionary response of european oaks during the anthropocene,kind of weird contemporary sampling of very old and young trees; regeneration period given from 10-30 years; so I used 20 to calculate it,plant,quercus petraea ,natural evolution,poolseq,repeated,340,17,natural evolution
70,10.1093_icb_icac098.pdf,10.1093/icb/icac098,2022,Pfenninger; Markus; Foucault; Quentin,Pfenninger,,Population Genomic Time Series Data of a Natural Population Suggests Adaptive Tracking of Fluctuating Environmental Changes,,invertebrate,Chironomus riparius,natural evolution,poolseq,repeated,3,27,natural evolution
85,10.1093_molbev_msae128.pdf,10.1093/molbev/msae128,2024,Angst P.; Haag C.R.; Ben-Ami F.; Fields P.D.; Ebert D.,Angst,Cladocera; colonization; Daphnia; founder bottleneck; genomics; hybrid vigor; metapopulation; site frequency spectrum; time series; turnover dynamics,genome-wide allele frequency changes reveal that dynamic metapopulations evolve differently,,invertebrate,Daphnia magna ,natural evolution,poolseq,repeated,5,122,natural evolution
31,10.1038_s41437-019-0264-5.pdf,10.1038/s41437-019-0264-5,2020,Qian; CJ; Yan; X; Shi; Y; Yin; HX; Chang; YX; Chen; J; Ingvarsson; PK; Nevo; E; Ma; XF,Qian,,adaptive signals of flowering time pathways in wild barley from israel over 28 generations,,plant,hordeum spontaneum,natural evolution,reduced representation,repeated,28,28,natural evolution
125,10.1111_mec.16111.pdf,10.1111/mec.16111,2021,,,,Genomic time-series data show that gene flow maintains high genetic diversity despite substantial genetic drift in a butterfly species,,invertebrate,Lycaeides idas,natural evolution,reduced representation,repeated,4 or 5,4 or 5,natural evolution
127,10.1111_mec.16748.pdf,10.1111/mec.16748,2023,Pfenninger M.; Foucault Q.; Waldvogel A.-M.; Feldmeyer B.,Pfenninger,,Selective effects of a short transient environmental fluctuation on a natural population,,invertebrate,Chironomus riparius,natural evolution,WGS,repeated,0.5 or 0.58333333,6.5,natural evolution
128,10.1111_mec.16760.pdf,10.1111/mec.16760,2023,Osborne M.J.; Caeiro-Dias G.; Turner T.F.,Osborne,,Transitioning from microsatellites to SNP-based microhaplotypes in genetic monitoring programmes: Lessons from paired data spanning 20 years,,vertebrate,Fish,natural evolution,reduced representation,repeated,19,19,natural evolution
130,10.1111_mec.17274.pdf,10.1111/mec.17274,2024,Kellner; FL; Le Moullec; M; Ellegaard; MR; Rosvold; J; Peeters; B; Burnett; HA; Pedersen; AO; Brealey; JC; Dussex; N; Bieker; VC; Hansen; BB; Martin; MD,Kellner,ancient DNA; bottleneck; conservation genomics; genomic erosion; population genomics; Svalbard reindeer,a palaeogenomic investigation of overharvest implications in an endemic wild reindeer subspecies,Generation time from https://www.cell.com/iscience/fulltext/S2589-0042(23)01888-6,vertebrate,Rangifer tarandus platyrhynchus,overharvest; anthropogenic,WGS,historical,"2,500",417,anthropogenic
86,10.1093_molbev_msq002.pdf,10.1093/molbev/msq002,2010,Lynd A.; Weetman D.; Barbosa S.; Egyir Yawson A.; Mitchell S.; Pinto J.; Hastings I.; Donnelly M.J.,Lynd,,Field; genetic; and modeling approaches show strong positive selection acting upon an insecticide resistance mutation in anopheles gambiae s.s.,,invertebrate,Anopheles gambiae,pesticide; anthropogenic,reduced representation,repeated,6,72,anthropogenic
126,10.1111_mec.16451.pdf,10.1111/mec.16451,2022,Abdullahi M.; Zhou J.; Dandhapani V.; Chaturvedi A.; Orsini L.,Abdullahi,,historical exposure to chemicals reduces tolerance to novel chemical stress in daphnia (waterflea),Resurrection experiment; Assumes a generation per year,invertebrate,Daphnia magna,pollution; anthropogenic,WGS,historical,50,50,anthropogenic
37,10.1038_s41559-019-0921-3.pdf,10.1038/s41559-019-0921-3,2019,Gutaker; RM; Weiss; CL; Ellis; D; Angling; NL; Knapp; S; Fernandez-Alonso; JL; Prats; S; Burbano; HA,Gutaker,,the origins and adaptation of european potatoes reconstructed from historical genomes,No idea how to calculate generation time,plant,Solanum tuberosum,domestication; anthropogenic,WGS,historical,345,NA,anthropogenic
78,10.1093_molbev_msac189.pdf,10.1093/molbev/msac189,2022,Wu; MY; Lau; CJ; Ng; EYX; Baveja; P; Gwee; CY; Sadanandan; K; Ferasyi; TR; Haminuddin; Ramadhan; R; Menner; JK; Rheindt; FE,Wu,extinction; introgression; white-rumped shama; conservation,genomes from historic dna unveil massive hidden extinction and terminal endangerment in a tropical asian songbird radiation,,vertebrate,Copsychus spp.,anthropogenic,WGS,historical,133,55,anthropogenic
79,10.1093_molbev_msac241.pdf,10.1093/molbev/msac241,2022,Hempel E.; Bibi F.; Faith J.T.; Koepfli K.-P.; Klittich A.M.; Duch√™ne D.A.; Brink J.S.; Kalthoff D.C.; DalCrossed D sign¬©n L.; Hofreiter M.; Westbury M.V.,Hempel,ancient DNA; diversity; extinction; Holocene; paleogenome; South Africa,blue turns to gray: paleogenomic insights into the evolutionary history and extinction of the blue antelope (hippotragus leucophaeus),,vertebrate,Hippotragus leucophaeus,anthropogenic,WGS,historical,9600,1371,anthropogenic
98,10.1093_ve_vead049.pdf,10.1093/ve/vead049,2023,Billard; E; Barro; M; S√©r√©me; D; Bangratz; M; Wonni; I; Koala; M; Kassankogno; AI; H√©brard; E; Th√©baud; G; Brugidou; C; Poulicard; N; Tollenaere; C,Billard,rice; RYMV; crop virus; epidemiology; spatio-temporal dynamics; diversity; recombination,dynamics of the rice yellow mottle disease in western burkina faso: epidemic monitoring; spatio-temporal variation of viral diversity; and pathogenicity in a disease hotspot,,virus,rice yellow mottle disease,host-pathogen,WGS,repeated,5,NA,host-pathogen
54,10.1093_evolut_qpad054.pdf,10.1093/evolut/qpad054,2023,Sinitambirivoutin; Maidie; Nosil; Patrik; Flaxman; Samuel; Feder; Jeffrey; Gompert; Zachariah; Dakos; Vasilis,Sinitambirivoutin,,Early-warning signals of impending speciation,,simulation,simulation,simulation,simulation,simulation,#N/A,#N/A,simulation
56,10.1093_gbe_evaa073.pdf,10.1093/gbe/evaa073,2020,Barghi; Neda; Schloetterer; Christian,Barghi,,Distinct Patterns of Selective Sweep and Polygenic Adaptation in Evolve and Resequence Studies,,simulation,simulation,simulation,simulation,simulation,#N/A,#N/A,simulation