"","X","File.Name","first_author_ep","measured_in_time_series_data_ep","hypothesized_driver_of_change_ep","level_of_analysis_ep","increase_decrease_ep","method.of.estimating_ep","raw.stats_ep","author_nd","measured_in_time_series_data_nd","level_of_analysis_nd","hypothesized_driver_of_change_nd","method_of_estimating_nd","increase_decrease_nd","raw_stats_nd","notes_nd","first_author_ib","measured_in_time_series_data_ib","level_of_analysis_ib","hypothesized_driver_of_change_ib","increase_decrease_ib","method_of_estimating_ib","raw_stats_ib","help_needed_ib","first_author_ps","population.structure._ps","genetic.structure._ps","spatial.structure._ps","genomic.structure._ps","measured_in_time_series_data_ps","hypothesized_driver_of_change_ps","increase_decrease_ps","method_of_estimating_ps","raw_stats_ps","measured_in_time_series_data_gf","level_of_analysis_gf","hypothesized_driver_of_change_gf","increase_decrease_gf","method_of_estimating_gf","raw_stats_gf","author_selection","measured_in_time_series_data_selection","central_question_regarding_selection_selection","outcome_of_central_question_selection","selection_level_of_analysis_selection","selection_hypothesized_driver_of_change_selection.x","selection_method_of_estimating_selection","selection_candidate_gene_list_selection","selection_coefficent_overall_selection","selection_coefficent_meanofoutliers_selection","first_author_last_name_drift","measured_in_time_series_data_drift","level_of_analysis_drift","hypothesized_driver_of_change_drift","method_of_estimating_drift","did_drift_have_effect_drift","raw_stats_drift","help_needed_drift","notes_drift","Author_fst","measured_in_time_series_data_fst","level_of_analysis_fst","hypothesized_diver_of_change_fst","spacetime_or_time_fst","sliding_window_vs_entire_genome_fst","candidate_gene_list_fst","raw_stats_fst","first_auhtor_tajima","measured_in_time_series_data_tajima","level_of_analysis_tajima","hypothesized_driver_of_change_tajima","sliding_window_vs_entire_genome_tajima","raw_stats_tajima","canidate_gene_tajima","help_needed_tajima","first_author_mc","measured_in_time_series_data_mc","level_of_anaylsis_mc","hypothesized_driver_of_change_mc","increase_decrease_mc","method_of_estimating_mc","raw_stats_mc","help_needed_mc","order_parallel","parallel._parallel","author_parallel","measured_in_time_series_data_parallel","evidence_of_parallel_evolution_parallel","snp_evidence_parallel","gene_protein_evidence_parallel","parallel_diversity.change_parallel","notes_parallel","collectedmonth_paperinfo","doi_paperinfo","year_paperinfo","journal_paperinfo","volume_paperinfo","issue_paperinfo","dbs_paperinfo","authors_paperinfo","first_author_paperinfo","keywords_paperinfo","Title_paperinfo","Notes_paperinfo","Type_paperinfo","Study.system_paperinfo","Taxon_paperinfo","Driver.of.change_paperinfo","Data.type_paperinfo","Experimental.design_paperinfo","Time.scale.years_paperinfo","Time.scale.generations_paperinfo","File.Name.1_paperinfo","revised","Driver.of.change.std_paperinfo"
"1",1,"10.1002_ece3.2402.pdf",NA,NA,NA,NA,NA,NA,NA,NA,NA,NA,NA,NA,NA,NA,NA,"nouhaud",NA,NA,NA,NA,NA,NA,NA,"","No","Yes","No","No",NA,NA,NA,NA,NA,NA,NA,NA,NA,NA,NA,"nouhaud","yes","are selection experiments biased by selection for lab conditions in drosophila","no","multiple_temporal","bias in experimental methods"," differences in allelic frequency","no",NA,NA,"nouhaud ","yes","single","evolve and resequence study","allele frequency count","no","Assming genetic drift only median allele frequency change = 0.0074 between ancestral populations and reconstituted ancestral populations",NA,NA,"","","","","","","","",NA,NA,NA,NA,NA,NA,NA,NA,NA,NA,NA,NA,NA,NA,NA,NA,1,"Yes","nouhaud","no",NA,NA,NA,NA,NA,"may","10.1002/ece3.2402",2016,"Ecology and Evolution",6,"20","er","Nouhaud P.; Tobler R.; Nolte V.; Schlâˆšâˆ‚tterer C.","Nouhaud","Adaptation; evolve and resequence; experimental evolution; isofemale line; whole-genome sequencing","ancestral population reconstitution from isofemale lines as a tool for experimental evolution","","article","invertebrate","Drosophila simulans & melanogaster","experimental","poolseq","experimental","3","50","10.1002_ece3.2402.pdf","experimental","experimental"
"18",18,"10.1016_j.jgg.2020.10.002.pdf",NA,NA,NA,NA,NA,NA,NA,NA,NA,NA,NA,NA,NA,NA,NA,NA,NA,NA,NA,NA,NA,NA,NA,"","No","No","No","No",NA,NA,NA,NA,NA,NA,NA,NA,NA,NA,NA,"xu","yes","Do we observe selection in SARS-CoV-2 within a patient over the course of their infection?","no, some signals but could be drift","multiple_temporal","host-pathogen","Ka:Ks","no","","","xu","yes","mutliple_temporal","host-pathogen","allele frequency change","yes","19 snps had frequency changes higher than .3 between sampling points of 1 to 5 days; 1 snp changed frequency in two different people in opposite directions",NA,NA,"","","","","","","","",NA,NA,NA,NA,NA,NA,NA,NA,NA,NA,NA,NA,NA,NA,NA,NA,19,"Yes","xu","no",NA,NA,NA,NA,NA,"august","10.1016/j.jgg.2020.10.002",2020,"",NA,"","","Xu Y.; Kang L.; Shen Z.; Li X.; Wu W.; Ma W.; Fang C.; Yang F.; Jiang X.; Gong S.; Zhang L.; Li M.","Xu","","Dynamics of severe acute respiratory syndrome coronavirus 2 genome variants in the feces during convalescence","","article","virus","Covid-19 virus","host-pathogen","WGS","historical","0.01369863 or 1-5 days","#N/A","10.1016_j.jgg.2020.10.002.pdf","host-pathogen","host-pathogen"
"31",31,"10.1038_s41437-019-0264-5.pdf","Qian","yes","global warming; temperature; anthropogenic","single",NA,"WrightÐFisher ABC-based approach (WFABC)","> 1000","qian","yes","multiple_spatial","global warming;climate change",NA,"no change","focal genes: 1980s pi: 5.9 _ 10_4 to 1.3 _ 10_2; 2008 pi: 7.3 _ 10_4 to 1.6 _ 10_2; control genes: ¹ ranging from 1.9 _ 10_4 to 1.1 _ 10_2 in the ancestral populations and from 4.3 _ 10_4 to 1.2 _ 10_2 in the descendant populations","NA, modern diversity slightly higher but not significant","Qian",NA,NA,NA,NA,NA,NA,NA,"Qian","Yes","Yes","No","No","yes","ecogeographical adaptation","increase","Fst","",NA,NA,NA,NA,NA,NA,"qian","yes","Have flower-time related genes in wild barley experienced positive selection compared to reference genes?","yes","multiple_temporal","climate change; anthropogenic","WFABC","yes","","","qian","yes","multiple_temporal","warming; climate change","allele frequency; simulation","no","0 simulations found fixed snps under drift alone",NA,NA,"Qian","yes","multiple temporal","ecogeographical adaptation","time","genomewide","yes","see doc. ""Moreover, BayeScan results showed that in the ancestral populations, the average values of FST were 0.382 and 0.381 for candi- date genes and reference genes, respectively, while in the descendant populations, the average values of FST were 0.469 and 0.462 for candidate genes and reference genes, respectively (Fig. 2b). Based on the t-test, the significantly higher average values of FST for both candidate loci and reference loci in the descendant populations than in the ancestral populations suggest that genetic differentiation had been significantly enhanced over the past 28 generations.""","qian","yes","multiple_temporal","global warming; climate change; anthropogenic","sliding window","see notes doc","yes",NA,NA,NA,NA,NA,NA,NA,NA,NA,32,"Yes","qian","yes","yes","yes",NA,NA,"54 snps under selection, all fixed in descendent populations","may","10.1038/s41437-019-0264-5",2020,"HEREDITY",124,"1","NA NA wos","Qian; CJ; Yan; X; Shi; Y; Yin; HX; Chang; YX; Chen; J; Ingvarsson; PK; Nevo; E; Ma; XF","Qian","","adaptive signals of flowering time pathways in wild barley from israel over 28 generations","","article ","plant","hordeum spontaneum","natural evolution","reduced representation","repeated","28","28","10.1038_s41437-019-0264-5.pdf","anthropogenic","anthropogenic"
"42",42,"10.1038_s41559-023-02185-8.pdf","sun","yes","natural","multiple_temporal","none","G-PhoCS","none",NA,NA,NA,NA,NA,NA,NA,NA,NA,NA,NA,NA,NA,NA,NA,NA,"Sun","Yes","Yes","No","Yes","no",NA,NA,NA,NA,"yes","multiple_spatial; multiple_temporal","natural","increase","D statistics","(Table in doc) D-statistics further suggested that the extent of gene flow between a modern subspecies and RUSA21 was minor in comparison with that between two modern subspecies. Following a nuclear phylogeny framework with ancient (RUSA) and modern Amur tigers (ALT) clustered into an ingroup to all other mainland tigers (PopX), the D-statistics inferred an excessive level of allele sharing between Amur tigers and other mainland subspecies relative to that between modern and ancient populations","sun","no",NA,NA,NA,NA,NA,NA,NA,NA,"sun","yes","multiple_temporal","natural evolution","admixture modeling with qpGraph","yes","see admixture graph",NA,"""units of genetic drift"" ","Sun","yes","multiple spatial","habitat loss; hunting; anthropogenic factors","spacetime","genomewide","no","see doc",NA,NA,NA,NA,NA,NA,NA,NA,NA,NA,NA,NA,NA,NA,NA,NA,44,"Yes","sun","no",NA,NA,NA,NA,NA,"may","10.1038/s41559-023-02185-8",2023,"NAT ECOL EVOL",7,"11","NA scopus wos","Sun X.; Liu Y.-C.; Tiunov M.P.; Gimranov D.O.; Zhuang Y.; Han Y.; Driscoll C.A.; Pang Y.; Li C.; Pan Y.; Velasco M.S.; Gopalakrishnan S.; Yang R.-Z.; Li B.-G.; Jin K.; Xu X.; Uphyrkina O.; Huang Y.; Wu X.-H.; Gilbert M.T.P.; Oâ€šÃ„Ã´Brien S.J.; Yamaguchi N.; Luo S.-J.","Sun","","ancient dna reveals genetic admixture in china during tiger evolution","Mostly phylogenetic; maybe some small nuggets of demography?; article says 5 year gen time","article","vertebrate","Panthera tigris","natural evolution","WGS","historical","10500","2100","10.1038_s41559-023-02185-8.pdf","natural evolution","natural evolution"
"44",44,"10.1038_s41586-021-03224-9.pdf",NA,NA,NA,NA,NA,NA,NA,NA,NA,NA,NA,NA,NA,NA,NA,NA,NA,NA,NA,NA,NA,NA,NA,"van der Valk","Yes","Yes","No","No","no",NA,NA,NA,NA,"yes","multiple_temporal","natural","increase","D statistics","(Table in doc) On the basis of f4 ratios, we estimate 10.7â€“12.7% excess shared ancestry between these genomes (Supplementary SectionÂ 9), consistent with a previous study15. Because the Columbian mammoth carries a large proportion of Krestovka ancestry, gene flow from the Columbian mammoth into North American woolly mammoths would have resulted in a larger proportion of allele-sharing between Krestovka and the Wyoming woolly mammoth.","van der Valk","no",NA,NA,NA,NA,NA,NA,NA,NA,"van der valk","yes","multiple_temporal","natural evolution","f(A|B) statistics; admixture modeling; f2 and f3 stats","yes","see word document",NA,"shared genetic drift varies among populations","","","","","","","","",NA,NA,NA,NA,NA,NA,NA,NA,"van der valk","yes","single","natural_evolution",NA,"finate radiocarbon dates",NA,NA,46,"Yes","van der valk ","no",NA,NA,NA,NA,NA,"august","10.1038/s41586-021-03224-9",2021,"",NA,"","","van der Valk T.; PeÆ’Ã§nerovâˆšÂ° P.; Dâˆšâ‰ ez-del-Molino D.; Bergstrâˆšâˆ‚m A.; Oppenheimer J.; Hartmann S.; Xenikoudakis G.; Thomas J.A.; Dehasque M.; SaÆ’Ã¼lÆ’Â±can E.; Fidan F.R.; Barnes I.; Liu S.; Somel M.; Heintzman P.D.; Nikolskiy P.; Shapiro B.; Skoglund P.; Hofreiter M.; Lister A.M.; Gâˆšâˆ‚therstrâˆšâˆ‚m A.; DalâˆšÂ©n L.","van","","Million-year-old DNA sheds light on the genomic history of mammoths","","article","vertebrate","Mammal","natural evolution","WGS","historical","780000","25161.29032","10.1038_s41586-021-03224-9.pdf","natural evolution","natural evolution"
"45",45,"10.1038_s41586-022-04824-9.pdf","bergstrom","yes","speciation","multiple_inferred",NA,"MSMC2",NA,NA,NA,NA,NA,NA,NA,NA,NA,"bergstrom",NA,NA,NA,NA,NA,NA,NA,"Bergstrom","Yes","Yes","No","No","yes","glaciation","no change","PCA","see doc. This paper barely touches this topic, its just this one graph. Maybe double check to see if worth including in this section. ","yes","multiple_spatial; multiple_temporal","captivity; domestication; anthropogenic","decrease","D statistics and admixture graph model","(In doc) f4-statistics showed that all wolves postdating 23â€‰ka are more similar to Siberian wolves than to European or Central Asian wolves from ~30â€‰ka. an admixture graph model with recurrent, unidirectional gene flow from Siberia into Europe could explain these relationships","bergstršm","yes","What role has selection played in recent wolf evolution?","candidate gene list","linear regression on allele frequency ~ sample age; TMRCA sliding window","","","only GO categories",NA,NA,"bergstrom ","yes","multiple_temporal","natural evolution","f3 statistics","yes","see word document",NA,"shared genetic drift varies among populations","Bergstrom","yes","multiple spatial","glaciation","spacetime","genomewide","no","see doc",NA,NA,NA,NA,NA,NA,NA,NA,NA,NA,NA,NA,NA,NA,NA,NA,47,"Yes","bergstrom","no",NA,NA,NA,NA,NA,"august","10.1038/s41586-022-04824-9",2022,"",NA,"","","Bergstrom; Anders; Stanton; David W. G.; Taron; Ulrike H.; Frantz; Laurent; Sinding; Mikkel-Holger S.; Ersmark; Erik; Pfrengle; Saskia; Cassatt-Johnstone; Molly; Lebrasseur; Ophelie; Girdland-Flink; Linus; Fernandes; Daniel M.; Ollivier; Morgane; Speidel; Leo; Gopalakrishnan; Shyam; Westbury; Michael V.; Ramos-Madrigal; Jazmin; Feuerborn; Tatiana R.; Reiter; Ella; Gretzinger; Joscha; Muenzel; Susanne C.; Swali; Pooja; Conard; Nicholas J.; Caroe; Christian; Haile; James; Linderholm; Anna; Androsov; Semyon; Barnes; Ian; Baumann; Chris; Benecke; Norbert; Bocherens; Herve; Brace; Selina; Carden; Ruth F.; Drucker; Dorothee G.; Fedorov; Sergey; Gasparik; Mihaly; Germonpre; Mietje; Grigoriev; Semyon; Groves; Pam; Hertwig; Stefan T.; Ivanova; Varvara V.; Janssens; Luc; Jennings; Richard P.; Kasparov; Aleksei K.; Kirillova; Irina V.; Kurmaniyazov; Islam; Kuzmin; Yaroslav V.; Kosintsev; Pavel A.; Laznickova-Galetova; Martina; Leduc; Charlotte; Nikolskiy; Pavel; Nussbaumer; Marc; O'Drisceoil; Coilin; Orlando; Ludovic; Outram; Alan; Pavlova; Elena Y.; Perri; Angela R.; Pilot; Malgorzata; Pitulko; Vladimir V.; Plotnikov; Valerii V.; Protopopov; Albert V.; Rehazek; Andre; Sablin; Mikhail; Seguin-Orlando; Andaine; Stora; Jan; Verjux; Christian; Zaibert; Victor F.; Zazula; Grant; Crombe; Philippe; Hansen; Anders J.; Willerslev; Eske; Leonard; Jennifer A.; Gotherstrom; Anders; Pinhasi; Ron; Schuenemann; Verena J.; Hofreiter; Michael; Gilbert; M. Thomas P.; Shapiro; Beth; Larson; Greger; Krause; Johannes; Dalen; Love; Skoglund; Pontus","Bergstrom","","Grey wolf genomic history reveals a dual ancestry of dogs","","article","vertebrate","Mammal","natural evolution","WGS","historical","100000 or 300000","30000 or 100000","10.1038_s41586-022-04824-9.pdf","anthropogenic","anthropogenic"
"48",49,"10.1073_pnas.1620410114.pdf",NA,NA,NA,NA,NA,NA,NA,NA,NA,NA,NA,NA,NA,NA,NA,NA,NA,NA,NA,NA,NA,NA,NA,"Lindo","Yes","No","No","No","no",NA,NA,NA,NA,"yes","multiple_spatial; multiple_temporal","migration; natural","decrease","D statistics","(In doc) D statistic did not reveal a signal of gene flow between Arctic populations (Inuit and Yupâ€™ik) and either the modern or ancient Northwest Coast populations compared with ShukÃ¡ KÃ¡a. the Northwest Coast exhibits an ancestral lineage that stems from the initial peopling of the region. The observed temporal change of mtDNA haplogroups in the area was probably caused by sampling, and no clear signs of gene flow into the area after the first settlement have been identified.",NA,NA,NA,NA,NA,NA,NA,NA,NA,NA,"lindo","yes","multiple_temporal","natural evolution","f3 statistics","yes","depends on population; see word document",NA,"shared genetic drift varies among populations","","","","","","","","",NA,NA,NA,NA,NA,NA,NA,NA,NA,NA,NA,NA,NA,NA,NA,NA,52,"No",NA,NA,NA,NA,NA,NA,NA,"august","10.1073/pnas.1620410114",2017,"",NA,"","","Lindo J.; Achilli A.; Perego U.A.; Archer D.; Valdiosera C.; Petzelt B.; Mitchell J.; Worl R.; Dixon E.J.; Fifield T.E.; Rasmussen M.; Willerslev E.; Cybulski J.S.; Kemp B.M.; DeGiorgio M.; Malhi R.S.","Lindo","","Ancient individuals from the North American Northwest Coast reveal 10;000 years of regional genetic continuity","","article","vertebrate","","natural evolution","WGS","historical","12300 or 10300","412","10.1073_pnas.1620410114.pdf","anthropogenic","anthropogenic"
"50",51,"10.1073_pnas.2201521119.pdf","brennan","yes","ocean acidification; ocean warming; climate change; anthropogenic","single",NA,"poolseq R package","414",NA,NA,NA,NA,NA,NA,NA,NA,NA,NA,NA,NA,NA,NA,NA,NA,"","No","No","No","No",NA,NA,NA,NA,NA,NA,NA,NA,NA,NA,NA,"brennan","yes","How has the copepod Acartia tonsa evolved in response to ocean warming and acidification?","candidate gene list","multiple_temporal","climate change; anthropogenic","temporal covariance-based method (cvtk)","yes","","","brennan","yes","multiple_temporal","warming and acidification; climate change","pairwise covariance in allele frequency change","yes","33-68% of shifts in allele frequencies due to drift; fig 3c and webplotdigitizer",NA,"good example for drift section","","","","","","","","","brennan","yes","single","ocean warming; acidification; anthropgenic","sliding window","(Tajima’s ?: 0.0148 ± 0.0004","no",NA,NA,NA,NA,NA,NA,NA,NA,NA,54,"Yes","brennan","yes","partial","yes",NA,NA,"treatment replicates had high convergent correlations; also find some changes that could be drift","may","10.1073/pnas.2201521119",2022,"Proceedings of the National Academy of Sciences of the United States of America",119,"38","er","Brennan R.S.; deMayo J.A.; Dam H.G.; Finiguerra M.; Baumann H.; Buffalo V.; Pespeni M.H.","Brennan","evolve and resequence; global change adaptation; zooplankton evolution","experimental evolution reveals the synergistic genomic mechanisms of adaptation to ocean warming and acidification in a marine copepod","","article ","invertebrate","Acartia tonsa (temperature and acidification)","experimental","reduced representation","experimental","1","25","10.1073_pnas.2201521119.pdf","anthropogenic","anthropogenic"
"64",65,"10.1093_gbe_evad113.pdf","barata","yes","sexual selection; experimental","multiple_temporal","","poolseq R package","see notes file","barata","yes","multiple_temporal","breeding system; monogamy or polyandry; experimental evolution","pi over windows","decreased",NA,"decreased in both treatments; no real stats; see figure in word doc",NA,NA,NA,NA,NA,NA,NA,NA,"","No","No","No","No",NA,NA,NA,NA,NA,NA,NA,NA,NA,NA,NA,"barata","yes","How does section act differenlty between a polyamorous and a monogamous population?","More pronounced variants in poly; bigger effect on X chrom in poly and on male sex linked chrom XR  ","multiple_spatial","sexual selection","BAIT-ER","yes","","","barata","yes","multiple_temporal","experimental evolution","effective population size","yes","lower effective population size in monogamous treatment suggests drift had stronger effect than in polyandrous lines",NA,NA,"","","","","","","","","barata","yes","multiple_temporal","sexual selection; experimental evolution","sliding window","see notes doc","no",NA,NA,NA,NA,NA,NA,NA,NA,NA,70,"Yes","barata","no",NA,NA,NA,NA,NA,"august","10.1093/gbe/evad113",2023,"",NA,"","","Barata C.; Snook R.R.; Ritchie M.G.; Kosiol C.","Barata","","Selection on the Fly: Short-Term Adaptation to an Altered Sexual Selection Regime in Drosophila pseudoobscura","","article","invertebrate","Drosophila pseudoobscura","experimental","poolseq","experimental","#N/A","200","10.1093_gbe_evad113.pdf","experimental","experimental"
"66",67,"10.1093_gbe_evae114.pdf",NA,NA,NA,NA,NA,NA,NA,"larsson","yes","multiple_spatial","domestication","pairwise mismatch rate","decreased",NA,"Didn't use nucleotide diversity because of aDNA concerns; broadly finds genetic diversity decrease over time in sheep","larrsson",NA,NA,NA,NA,NA,NA,NA,"Larsson","Yes","No","No","No","no",NA,NA,NA,NA,NA,NA,NA,NA,NA,NA,"larsson","no",NA,NA,NA,NA,NA,NA,NA,NA,"larsson","yes","multiple_temporal","natural evolution","f3 statistics","yes","see word document",NA,"shared genetic drift varies among populations","","","","","","","","",NA,NA,NA,NA,NA,NA,NA,NA,NA,NA,NA,NA,NA,NA,NA,NA,72,"Yes","larsson","no",NA,NA,NA,NA,NA,"may","10.1093/gbe/evae114",2024,"GENOME BIOL EVOL",16,"6","NA NA wos","Larsson; MNA; Miranda; PM; Pan; L; Vural; KB; Kaptan; D; Soares; AER; Kivikero; H; Kantanen; J; Somel; M; âˆšÃ±zer; F; Johansson; AM; Storâˆšâ€¢; J; GâˆšÂºnther; T","Larsson","sheep; ancient DNA; Baltic; breeds; domestication","ancient sheep genomes reveal four millennia of north european short-tailed sheep in the baltic sea region","Assuming 3 year generation time from here https://www.ncbi.nlm.nih.gov/pmc/articles/PMC8826587/","article","vertebrate","Ovis aires","domestication; anthropogenic","WGS","historical","4151","1383.666667","10.1093_gbe_evae114.pdf","anthropogenic","anthropogenic"
"71",72,"10.1093_jeb_voae068.pdf",NA,NA,NA,NA,NA,NA,NA,"parvizi","yes","multiple_spatial","insecticide","WattersonÕs theta; TajimaÕs estimator, _¹)","decreased then increased","see document","diversity decreased from the 1950s through the 60s and 70s when effects of insecticide were highest; increased since 70s",NA,NA,NA,NA,NA,NA,NA,NA,"Parvizi","Yes","Yes","No","Yes","yes","pesticide use","no change","PCA, Fst, and admixture","see doc",NA,NA,NA,NA,NA,NA,"Parvizi","yes","What are the patterns of selection in Helicoverpa armigera in response to repeated insecticide use","Found alternating trajectories of allele freq over time","multiple_temporal","insecticide; anthropology","allele freq, fst, MAF ratios","yes (gene families)",NA,NA,"parvizi","yes","multiple_temporal","insecticide resistance","genetic diversity","yes","reduction in genetic diversity in decades with highest impact of insecticides",NA,NA,"Parvizi","yes","multiple temporal","pesticide use","time","genomewide","yes","see doc","parvizi","yes","multiple_temporal","insecticide; agriculture change; anthropogenic ","entire genome","see notes doc","no","Not entirely sure about entire genome v sliding window",NA,NA,NA,NA,NA,NA,NA,NA,78,"No",NA,NA,NA,NA,NA,NA,NA,"may","10.1093/jeb/voae068",2024,"J EVOLUTION BIOL",37,"8","NA NA wos","Parvizi; E; Bachler; A; Zwick; A; Walsh; TK; Moritz; C; McGaughran; A","Parvizi","cotton bollworm; genetic drift; insecticide resistance; museum genomics; selection","historical museum samples reveal signals of selection and drift in response to changing insecticide use in an agricultural pest moth","","article ","invertebrate","Helicoverpa armigera","anthropogenic","reduced representation","historical","92","576","10.1093_jeb_voae068.pdf","anthropogenic","anthropogenic"
"72",73,"10.1093_molbev_msab147.pdf",NA,NA,NA,NA,NA,NA,NA,NA,NA,NA,NA,NA,NA,NA,NA,NA,NA,NA,NA,NA,NA,NA,NA,"Immel","Yes","No","No","No","yes","bubonic plague","no change","PCA, admixture","see doc",NA,NA,NA,NA,NA,NA,"immel","yes","What effect did the plague have on immune gene diversity?","candidate gene list","multiple_temporal","epidemic","allele frequency change; Danc (Differentiation with Ancestral); Fst","yes","","","immel","yes","multiple_temporal","host-pathogen","allele frequency change; simulation","no",NA,NA,"finds that drift alone does not explain allele frequency change","Immel","yes","single","bubonic plage","time","genomewide","yes","see supplementary 4",NA,NA,NA,NA,NA,NA,NA,NA,NA,NA,NA,NA,NA,NA,NA,NA,79,"Yes","immel","no",NA,NA,NA,NA,NA,"may","10.1093/molbev/msab147",2021,"MOL BIOL EVOL",38,"10","NA NA wos","Immel; A; Key; FM; Szolek; A; Barquera; R; Robinson; MK; Harrison; GF; Palmer; WH; Spyrou; MA; Susat; J; Krause-Kyora; B; Bos; KI; Forrest; S; Hernandez-Zaragoza; DI; Sauter; J; Solloch; U; Schmidt; AH; Schuenemann; VJ; Reiter; E; Kairies; MS; Weiss; R; Arnold; S; Wahl; J; Hollenbach; JA; Kohlbacher; O; Herbig; A; Norman; PJ; Krause; J","Immel","ancient DNA; aDNA; HLA; plague; Yersinia pestis; human immunity; natural selection","analysis of genomic dna from medieval plague victims suggests long-term effect of yersinia pestis on human immunity genes","","article ","vertebrate","Homo sapiens","host-pathogen","WGS","historical","520","17","10.1093_molbev_msab147.pdf","host-pathogen","host-pathogen"
"75",76,"10.1093_molbev_msac179.pdf",NA,NA,NA,NA,NA,NA,NA,NA,NA,NA,NA,NA,NA,NA,NA,NA,NA,NA,NA,NA,NA,NA,NA,"Dai","Yes","Yes","No","No","yes","globalization; anthropogenic","decrease","PCA","see doc","yes","multiple_spatial; multiple_temporal","natural",NA,"f4 statistics","(Huge plot in doc) the Tajik has a greater affinity with Bronze Age populations from Central Asia and Steppe (e.g., Tarim_EMBA1, Xinj_BA3, Central_Steppe_EMBA, and Russia_Samara _EBA_Yamnaya) than with the Iron Age populations from the same regions (e.g., Tajikistan_Ksirov_Kushan, Sa rmatians_450BCE, JEZK_IA2, JEZK_IA1_aSte, JEZK_IA3 _oBMAC, and Turkmenistan_IA). The Kyrgyz populations show a greater affinity to the Iron Age and Historical Era Central Asian populations","dai","no",NA,NA,NA,NA,NA,NA,NA,NA,"dai","yes","multiple_temporal","natural evolution","f3 statistics","yes","table S3 in supplement",NA,"shared genetic drift varies among populations","","","","","","","","",NA,NA,NA,NA,NA,NA,NA,NA,NA,NA,NA,NA,NA,NA,NA,NA,82,"No",NA,NA,NA,NA,NA,NA,NA,"may","10.1093/molbev/msac179",2022,"MOL BIOL EVOL",39,"9","NA NA wos","Dai; SS; Sulaiman; X; Isakova; J; Xu; WF; Abdulloevich; NT; Afanasevna; ME; Ibrohimovich; KB; Chen; X; Yang; WK; Wang; MS; Shen; QK; Yang; XY; Yao; YG; Aldashev; AA; Saidov; A; Chen; W; Cheng; LF; Peng; MS; Zhang; YP","Dai","Central Asia; Kyrgyz; Tajik; admixture; genome; Steppe; Tarim","the genetic echo of the tarim mummies in modern central asians","","article","vertebrate","Homo sapiens","natural evolution","reduced representation","historical","12000","400","10.1093_molbev_msac179.pdf","anthropogenic","anthropogenic"
"84",85,"10.1093_molbev_msae128.pdf","angst","no",NA,NA,NA,NA,NA,NA,NA,NA,NA,NA,NA,NA,NA,"angst",NA,NA,NA,NA,NA,NA,NA,"Angst","Yes","No","Yes","No","yes","time and population isolation","increase","Fst","see doc","yes","multiple_spatial; multiple_temporal","colonization; natural","increase (in some populations)","minor allele frequency, Watterson's theta, pairwise Fst","(In doc) Lines represent predicted FST values based on nonlinear regression (FST = ab1/âˆ‚t) as used in Bergland et al. (2014) with 95% confidence intervals in gray. The line for the more isolated ponds (top 50% isolated) is lower than for the less isolated ponds (bottom 50% isolated), indicating less pronounced changes in observed allele frequencies, possibly due to lower local âˆ’ âˆ’ âˆ’ gene flow. In contrast to the overall pattern of a decline of median MAF over time, this median increased in some of the subpopulations over time, alongside with rapid and strong genomic differentiation and an increase in the number of heterozygous sites. We interpret these observations as gene flow plus hybrid vigor events.","Angst","yes","How do allele frequencies of a metapopulation shift over time?","Subpopultaions trends toward intermediate allele freq and then shifted towards right-screwed distrobutions as the pop aged","multiple_temporal","movement between populations; genetic drift; natural evolution","pairwise fst, allele freq ","no",NA,NA,"angst","yes","multiple_temporal","natural evolution","minor allele frequency; pairwise fst","yes","delta median MAF = _0.013; minor allele frequency changed over winter; median fst of samples from summer to next spring is  0.012 and samples from spring to summer is 0.001",NA,"good example for drift section","Angst","yes","multiple temporal","time and population isolation","spacetime","window","no","see doc",NA,NA,NA,NA,NA,NA,NA,NA,NA,NA,NA,NA,NA,NA,NA,NA,91,"Yes","angst","no",NA,NA,NA,NA,NA,"may","10.1093/molbev/msae128",2024,"MOL BIOL EVOL",41,"7","NA scopus wos","Angst P.; Haag C.R.; Ben-Ami F.; Fields P.D.; Ebert D.","Angst","Cladocera; colonization; Daphnia; founder bottleneck; genomics; hybrid vigor; metapopulation; site frequency spectrum; time series; turnover dynamics","genome-wide allele frequency changes reveal that dynamic metapopulations evolve differently","","article","invertebrate","Daphnia magna ","natural evolution","poolseq","repeated","5","122","10.1093_molbev_msae128.pdf","natural evolution","natural evolution"
"87",88,"10.1093_molbev_msu048.pdf","baldwin-brown","no",NA,NA,NA,NA,NA,NA,NA,NA,NA,NA,NA,NA,NA,NA,NA,NA,NA,NA,NA,NA,NA,"Baldwin-Brown","Yes","No","No","No","no",NA,NA,NA,NA,NA,NA,NA,NA,NA,NA,"Baldwin-Brown","simulation","simulation","simulation","simulation","simulation","simulation","simulation",NA,NA,"baldwin-brown","yes","simulation","experimental evolution; simulated selection","allele frequency change","yes","estimates power to detect selection under different scenarios; drift has largest effects at low population sizes and small selection coefficient",NA,NA,"Baldwin-Brown","no",NA,NA,NA,NA,NA,NA,NA,NA,NA,NA,NA,NA,NA,NA,NA,NA,NA,NA,NA,NA,NA,NA,95,"No",NA,NA,NA,NA,NA,NA,NA,"may","10.1093/molbev/msu048",2014,"Molecular Biology and Evolution",31,"4","er","Baldwin-Brown J.G.; Long A.D.; Thornton K.R.","Baldwin-Brown","Adaptive evolution; Evolve and resequence; Experimental evolution; Genomics; QTL detection; Simulation","the power to detect quantitative trait loci using resequenced; experimentally evolved populations of diploid; sexual organisms","","article","invertebrate","Drosophila melanogaster","experimental","simulation","experimental",NA,"1,000","10.1093_molbev_msu048.pdf","simulation","simulation"
"92",93,"10.1093_molbev_msv248.pdf",NA,NA,NA,NA,NA,NA,NA,NA,NA,NA,NA,NA,NA,NA,NA,NA,NA,NA,NA,NA,NA,NA,NA,"","No","No","No","No",NA,NA,NA,NA,NA,NA,NA,NA,NA,NA,NA,"jha","yes","How do Drosophila evolve in response to low oxygen, and do the affected genes overlap with selected genes in high altitude human populations?","candidate gene list; yes some do","multiple_temporal","hypoxia","allele frequency change, glmm, PBS","yes","","","jha","yes","multiple_temporal","experimental evolution; hypoxia","allele frequency change; permutation tests","no","low fdr (<5%) from permutation tests suggets that drift does not explain results",NA,"controlled for drift but not really a focal result","Jha","no",NA,NA,NA,NA,NA,NA,NA,NA,NA,NA,NA,NA,NA,NA,NA,NA,NA,NA,NA,NA,NA,NA,100,"No",NA,NA,NA,NA,NA,NA,NA,"may","10.1093/molbev/msv248",2016,"Molecular Biology and Evolution",33,"2","er","Jha A.R.; Zhou D.; Brown C.D.; Kreitman M.; Haddad G.G.; White K.P.","Jha","adaptation; complex traits; evolution; evolve and resequence; experimental evolution; high-altitude adaptation; hypoxia; polygenic traits; pooled sequencing","shared genetic signals of hypoxia adaptation in drosophila and in high-altitude human populations","Time scale years calculated from 10.1007/978-1-59745-365-3_3","article","invertebrate","Drosophila melanogaster","experimental","poolseq","experimental",NA,"17","10.1093_molbev_msv248.pdf","experimental","experimental"
"95",96,"10.1093_molbev_msx254.pdf","hardy","yes",NA,"single",NA,"Templeton 2006 equation","972 autosomes, 748 X chromosome",NA,NA,NA,NA,NA,NA,NA,NA,NA,NA,NA,NA,NA,NA,NA,NA,"","No","No","No","No",NA,NA,NA,NA,NA,NA,NA,NA,NA,NA,NA,"hardy","yes","What is the genetic basis of stavation-selected obesity in drosophila?","candidate gene list","multiple_temporal","starvation","heterozygosity, fst","yes","","","hardy","yes","multiple_temporal","experimental evolution; starvation resistance","Kimura diffusion approximation of drift; minor allele frequency simulation","yes","60-69% of snps across replicates changed frequency because of drift",NA,"stat based on by-hand calculation of SNPs that passed drift filter vs. the total snps that passed filtering in their materials. But the numbers are a little ambiguous","Hardy","no",NA,NA,NA,NA,NA,NA,NA,NA,NA,NA,NA,NA,NA,NA,NA,NA,NA,NA,NA,NA,NA,NA,103,"Yes","hardy","yes","partial","partial",NA,NA,"strong genetic differentiation of starvation treatment replicates from control replicats, but still lots of variation in starvation ones","may","10.1093/molbev/msx254",2018,"Molecular Biology and Evolution",35,"1","er","Hardy C.M.; Burke M.K.; Everett L.J.; Han M.V.; Lantz K.M.; Gibbs A.G.","Hardy","Drosophila melanogaster; evolve and resequence; experimental evolution; metabolism; obesity; starvation selection","genome-wide analysis of starvation-selected drosophila melanogaster-a genetic model of obesity","","article ","invertebrate","Drosophila melanogaster","experimental","poolseq","experimental",NA,"83","10.1093_molbev_msx254.pdf","experimental","experimental"
"96",97,"10.1093_molbev_msz183.pdf",NA,NA,NA,NA,NA,NA,NA,NA,NA,NA,NA,NA,NA,NA,NA,NA,NA,NA,NA,NA,NA,NA,NA,"Vlachos","Yes","No","No","No","no",NA,NA,NA,NA,NA,NA,NA,NA,NA,NA,"vlachos","yes","Does gradually increasing the selection strength throughout an E&R iincrease the power to detect alleles?","yes","simulation","simulation","CMH",NA,NA,NA,"vlachos","yes","multiple_temporal","experimental evolution; simulated selection","simulation","yes","increasing selection over time leads to more drift than when selection is constant or decreasing; greatest change in allele frequency due to drit occurrs under constant selection",NA,"see document for figure","","","","","","","","",NA,NA,NA,NA,NA,NA,NA,NA,NA,NA,NA,NA,NA,NA,NA,NA,104,"Yes","vlachos","no",NA,NA,NA,NA,NA,"may","10.1093/molbev/msz183",2019,"Molecular Biology and Evolution",36,"12","er","Vlachos C.; Kofler R.","Vlachos","evolve and resequence; experimental evolution; forward simulations; GWAS; population genetics; quantitative genetics","optimizing the power to identify the genetic basis of complex traits with evolve and resequence studies","simulation; has implications for experimental design of E&R studies","","simulation",NA,NA,"simulation","simulation",NA,NA,"10.1093_molbev_msz183.pdf","experimental","experimental"
"103",104,"10.1098_rspb.2022.1857.pdf","burny","no",NA,NA,NA,NA,NA,NA,NA,NA,NA,NA,NA,NA,NA,NA,NA,NA,NA,NA,NA,NA,NA,"","No","No","No","No",NA,NA,NA,NA,NA,NA,NA,NA,NA,NA,NA,"Burney","yes","what is the impact of multiple stressors on ","multiple stressors have synergistic effects","multiple temporal","temperature and laboratory conditions","allele frequency changes","no",NA,NA,"burny","yes","multiple_temporal","experimental evolution; temperature change","allele frequency change; fdr","yes","1% of allele frequency changes (per window) due to drift",NA,NA,"","","","","","","","",NA,NA,NA,NA,NA,NA,NA,NA,NA,NA,NA,NA,NA,NA,NA,NA,111,"Yes","burny","yes","partial","yes",NA,NA,"finds lots of convergence in temperature replicates, but where replicates don't have same adaptations its not clear if its an alternative solution or just drift (they call it drift) ","may","10.1098/rspb.2022.1857",2022,"Proceedings of the Royal Society B: Biological Sciences",289,"1985","er","Burny C.; Nolte V.; Dolezal M.; Schlâˆšâˆ‚tterer C.","Burny","Drosophila melanogaster; experimental evolution; local adaptation; parallel evolution; temperature adaptation","genome-wide selection signatures reveal widespread synergistic effects of two different stressors in drosophila melanogaster","","article ","invertebrate","Drosophila melanogaster","experimental","reduced representation","experimental",NA,"20","10.1098_rspb.2022.1857.pdf","experimental","experimental"
"108",109,"10.1111_1755-0998.13167.pdf","gauthier","no",NA,NA,NA,NA,NA,NA,NA,NA,NA,NA,NA,NA,NA,"gauthier","yes","multiple_spatial","habitat fragmentation; inbreeding depression; pesticide; climate change; anthropogenic","decrese","Hs, Fis","see notes doc",NA,"Gauthier","Yes","Yes","No","No","yes","habitat loss; anthropogenic","increase","Rousset's Fst [Isolation by distance] and admixture","see doc","yes","multiple_spatial; multiple_temporal","population decline; anthropogenic","decrease","genetic differentiation between populations (FST/1 âˆ’ FST) and the log-transformed geographical distance (log(distance))","(Figure in doc) In contrast, a more marked pattern of spatial structuring was retrieved in the IBD analysis, revealing a varying correlation between genetic and geographical distances over time (Figure 7). Before 1950, no correlation between genetic and geographical distances was found in any of the two species investigated. Between the 1950s and the 2000s, a significant correlation between genetic and geographical distances was found for E. embla.","gauthier","no",NA,NA,NA,NA,NA,NA,NA,NA,"gauthier","yes","multiple_temporal","habitat fragmentation; anthropogenic change","gene diversity; allele fixation","yes","Increase in fixed alleles and decreased in genetic diversity over 70 year period",NA,NA,"Gauthier","yes","multiple spatial","habitat loss, anthropogenic","spacetime","genomewide","no","see doc",NA,NA,NA,NA,NA,NA,NA,NA,NA,NA,NA,NA,NA,NA,NA,NA,116,"Yes","gauthier","no",NA,NA,NA,NA,NA,"august","10.1111/1755-0998.13167",2020,"",NA,"","","Gauthier; Jeremy; Pajkovic; Mila; Neuenschwander; Samuel; Kaila; Lauri; Schmid; Sarah; Orlando; Ludovic; Alvarez; Nadir","Gauthier","","Museomics identifies genetic erosion in two butterfly species across the 20th century in Finland","","article","invertebrate","Butterflies; Erebia embala; Lycaena helle","anthropogenic","reduced representation","historical","106","50-100","10.1111_1755-0998.13167.pdf","anthropogenic","anthropogenic"
"114",115,"10.1111_gcb.17126.pdf","benham","yes","habitat loss; urbanization; anthropogenic","multiple_inferred","decrease; potenial for slight expansion in Bay Area, compared 3 populations and models from historic and moden samples, varying patterns","GADMA2",NA,"benham","yes","multiple_spatial","habitat loss","pi","decreased; no change","change in pi  from historic to now across pops: -0.0000102, -0.0000582, -0.0000207, 3.9E-06, 0.0000138","also calculated watterson's theta; data extracted from fig. s5 with web plot digitizer focusing on subsampled comparison","benham",NA,NA,NA,NA,NA,NA,NA,"Benham","Yes","No","No","No","yes","coastal habitat loss; urbanization, agriculture, and mining; anthropogenic","decrease","PCA and admixture","see doc","yes","multiple_spatial; multiple_temporal","habitat loss; popluation decline; anthropogenic","increase","DyStruct (similar to Admixture)","temporal variation in population structure, with modern birds from the central and northern California	coast	exhibiting	a	17%	(Morro	Bay)	to	64%	(Humboldt	Bay)	increase in the proportion of ancestry shared with inland eastern California birds. These temporal changes point to a recent increase in the level of gene flow from inland eastern California populations into coastal populations.","benham","yes","Do alleles associated with local adaptation to tidal marshes resist gene flow from inland populations? / does selection prevent gene flow?","no","multiple_temporal","gene flow resulting from urbanization; anthropogenic","test for correlation between historical deviation in allele frequency and change in allele frequency through time for each SNP","",NA,NA,"benham","yes","multiple_temporal","habitat destruction; anthropogenic","allele frequency change","no","found gene flow more likely driver of results than drift",NA,NA,"Benham","yes","multiple spatial","coastal habitat loss; urbanization, agriculture, and mining; anthropogenic","spacetime","both","","see doc","benham","yes","multiple_spatial","habitat degredation; anthropogenic","sliding window","see notes doc","no",NA,NA,NA,NA,NA,NA,NA,NA,NA,123,"Yes","benham","no",NA,NA,NA,NA,NA,"august","10.1111/gcb.17126",2024,"",NA,"","","Benham; Phred M.; Walsh; Jennifer; Bowie; Rauri C. K.","Benham","","Spatial variation in population genomic responses to over a century of anthropogenic change within a tidal marsh songbird","","article","vertebrate","Bird","anthropogenic","reduced representation","historical","128","48","10.1111_gcb.17126.pdf","anthropogenic","anthropogenic"
"120",121,"10.1111_mec.15085.pdf","rgo","yes","host plant shift; experimental","multiple_temporal","increase; population bottleneck at onset of experiment followed by increase and then decrease","Bayesian bootstrap method Gompert (2016)","see notes file",NA,NA,NA,NA,NA,NA,NA,NA,NA,NA,NA,NA,NA,NA,NA,NA,"","No","No","No","No",NA,NA,NA,NA,NA,NA,NA,NA,NA,NA,NA,"rgo","yes","Is selection acting in parallel on seed beetles that are adapting to a marginal host plant","yes, mostly","multiple_temporal","symbioses","allele frequency change, relative selection coefficient","no","In particular, the average intensity of selec_ tion was 0.388 in L14 from P to F4, and 0.207 and 0.211 in sublines A and B between the F4 and F16 generations ","","rego","yes","multiple_temporal","plant-seed predator evolution; coevolution","allele frequency change; bayesian bootstrapping","yes","198 out of 21,342 snps determined to be not drifting (> 99% of snps potentially drifting)",NA,NA,"","","","","","","","",NA,NA,NA,NA,NA,NA,NA,NA,NA,NA,NA,NA,NA,NA,NA,NA,131,"Yes","rego","yes","partial","yes",NA,NA,"we found that adaptation on lentil occurred via somewhat idi_ osyncratic evolutionary changes;  parallel evolutionary changes were evident in sub_ lines formed after the lentil line had passed through a bottleneck (extreme parallelism following bottleneck r = .857)","may","10.1111/mec.15085",2019,"Molecular Ecology",28,"9","er","Râˆšâ„¢go A.; Messina F.J.; Gompert Z.","Râˆšâ„¢go","approximate Bayesian computation; Callosobruchus maculatus; evolutionary rescue; evolve and resequence; experimental evolution; parallel evolution","dynamics of genomic change during evolutionary rescue in the seed beetle callosobruchus maculatus","","article ","invertebrate","Callosobruchus maculatus","host-pathogen","reduced representation","experimental","1.15","100","10.1111_mec.15085.pdf","experimental","experimental"
"123",124,"10.1111_mec.16111.pdf","gompert","yes","gene flow","single",NA,"census, contemporary variance (Bayesian bootstrap Gompert 2016), genetic diversity (ANGSD)","see notes file","gompert","yes","multiple_spatial","natural evolution","pi","no change","pi = 0.0092 ","full details in table S4; no sig variation among years","gompert",NA,NA,NA,NA,NA,NA,NA,"Gompert","Yes","Yes","No","No","yes","fragmented populations","no change","PCA, pairwise Fst","see doc","yes","multiple_spatial; multiple_temporal","natural","constant","dadi and Bayesian F model","assume a mutation rate of 2.9 Ã— 10âˆ’9 (from the butterfly Heliconius melpomene; Keightley et al., 2015) and Ï€ = 0.0092 (our mean estimate), diversity levels suggest a global, long- term effective population size of ~793,000. This is ~4500 times greater than the average variance effective population size we estimated and thus would require ~4500 populations of this size connected by gene flow","gompert","no",NA,NA,NA,NA,NA,NA,NA,NA,"gompert","yes","multiple_temporal","natural evolution","allele frequency change","yes","Change in allele frequency delta p ~ 0.02 and 5% of SNPs showing change >0.05 over a few generations",NA,NA,"Gompert","yes","multiple temporal","fragmented populations","spacetime","genomewide","no","see doc","gompert",NA,NA,NA,NA,NA,NA,NA,NA,NA,NA,NA,NA,NA,NA,NA,134,"Yes","gompert","no",NA,NA,NA,NA,NA,"august","10.1111/mec.16111",2021,"",NA,"","","","","","Genomic time-series data show that gene flow maintains high genetic diversity despite substantial genetic drift in a butterfly species","","article","invertebrate","Lycaeides idas","natural evolution","reduced representation","repeated","4 or 5","4 or 5","10.1111_mec.16111.pdf","natural evolution","natural evolution"
"128",129,"10.1111_mec.17274.pdf","kellner","yes","hunting; anthropogenic","multiple_temporal","decrease","mean per-site Watterson's theta estimator, Kumar and Subramanian 2002","","kellner","yes","multiple_spatial","hunting","sliding window pi","no change; non-significant decrease","pre-hunting period: 3.34 10 -4; during hunting 3.35 10^-4; post hunting 3.23 10^-4","","kellner",NA,NA,NA,NA,NA,NA,NA,"Kellner","Yes","Yes","No","No","yes","hunting; anthropogenic factors","increase","PCA and admixture","see doc. ""The assignment of modern groups to estimate genetic clusters strongly correlates with geography, while ancient groups do not.""","yes","multiple_spatial; multiple_temporal","hunting; population decline; anthropogenic","decrease","PCA, NGSadmix","(Fig in doc) the spatiotemporal groups of ancient individuals are not strongly distinct from one another in the admixture analysis .","Kellner","yes","What genomic effects have a population bottleneck had on reindeer in Svalbard?","many regions of the genome experienced selection pre-and during hunting, but now they are undergoing drift","multiple temporal","hunting; anthropogenic","Fay and Wu's H, Fst","yes",NA,NA,"kellner","yes","multiple_temporal","bottleneck; human hunting; population loss; anthropogenic","allele frequency change","yes","median heterozygosity reduced by 26% over last 4000 years",NA,NA,"Kellner","yes","multiple temporal","hunting, anthropogenic","spacetime","both","yes","see doc","kellner",NA,NA,NA,NA,NA,NA,NA,NA,NA,NA,NA,NA,NA,NA,NA,140,"Yes","kellner","no",NA,NA,NA,NA,NA,"may","10.1111/mec.17274",2024,"MOL ECOL",33,"5","NA NA wos","Kellner; FL; Le Moullec; M; Ellegaard; MR; Rosvold; J; Peeters; B; Burnett; HA; Pedersen; AO; Brealey; JC; Dussex; N; Bieker; VC; Hansen; BB; Martin; MD","Kellner","ancient DNA; bottleneck; conservation genomics; genomic erosion; population genomics; Svalbard reindeer","a palaeogenomic investigation of overharvest implications in an endemic wild reindeer subspecies","Generation time from https://www.cell.com/iscience/fulltext/S2589-0042(23)01888-6","article ","vertebrate","Rangifer tarandus platyrhynchus","overharvest; anthropogenic","WGS","historical","2,500","417","10.1111_mec.17274.pdf","anthropogenic","anthropogenic"
"159",161,"10.1371_journal.ppat.1008298.pdf","pearson","yes","infection","multiple_temporal","increase; increase after infection then stabilize over 17 years","Bayesian Skygrid Plot","see notes file",NA,NA,NA,NA,NA,NA,NA,NA,NA,NA,NA,NA,NA,NA,NA,NA,"","No","No","No","No",NA,NA,NA,NA,NA,NA,NA,NA,NA,NA,NA,"pearson","yes","Did selection drive a pathogen towards a commensal relationship?","No, trajectory was largely shaped by drift","multiple_temporal","host-pathogen","SLAC via HyPHY; Tajima's D","no","","","pearson","yes","multiple_temporal","host-pathogen","lineage diversity","yes","drift is predominant force in change over time",NA,NA,"","","","","","","","","pearson",NA,NA,NA,NA,NA,NA,NA,"pearson","yes","single","chronic infection; natural evolution",NA,"beast; steping stone analysis","see notes doc",NA,174,"Yes","pearson","no",NA,NA,NA,NA,NA,"august","10.1371/journal.ppat.1008298",2020,"",NA,"","","Pearson T.; Sahl J.W.; Hepp C.M.; Handady K.; Hornstra H.; Vazquez A.J.; Settles E.; Mayo M.; Kaestli M.; Williamson C.H.D.; Price E.P.; Sarovich D.S.; Cook J.M.; Wolken S.R.; Bowen R.A.; Tuanyok A.; Foster J.T.; Drees K.P.; Kidd T.J.; Bell S.C.; Currie B.J.; Keim P.","Pearson","","Pathogen to commensal? Longitudinal within-host population dynamics; evolution; and adaptation during a chronic >16-year Burkholderia pseudomallei infection","","article","bacteria","Burkholderia pseudomallei","host-pathogen","WGS","repeated","16","171624.4898","10.1371_journal.ppat.1008298.pdf","host-pathogen","host-pathogen"
"162",164,"10.1371_journal.ppat.1012090.pdf","yu","yes","epidemic","multiple_temporal","both; change in strain proportion of population over time","developed their own method;","see notes file",NA,NA,NA,NA,NA,NA,NA,NA,NA,NA,NA,NA,NA,NA,NA,NA,"Yu","Yes","No","Yes","No","no",NA,NA,NA,NA,NA,NA,NA,NA,NA,NA,"yu","yes","Does background selection drive the reduction in effective population size in SARS-CoV-2?","no,, drift","multiple_temporal","host-pathogen","simulation","no","","","yu","yes","multiple_temporal","host-pathogen","hidden markov model; inference from Ne; Wright-Fisher simulations","yes","the  inferred scaled effective population size was 20 to 590 times lower than expected given a null SIR model, suggesting drift has a big effect",NA,"good example for drift section","","","","","","","","",NA,NA,NA,NA,NA,NA,NA,NA,NA,NA,NA,NA,NA,NA,NA,NA,177,"No",NA,NA,NA,NA,NA,NA,NA,"august","10.1371/journal.ppat.1012090",2024,"",NA,"","","Yu Q.; Ascensao J.A.; Okada T.; Boyd O.; Volz E.; Hallatschek O.","Yu","","Lineage frequency time series reveal elevated levels of genetic drift in SARS-CoV-2 transmission in England","","article","virus","Covid-19 virus","natural evolution","WGS","historical","1.75","127.75","10.1371_journal.ppat.1012090.pdf","host-pathogen","host-pathogen"
"167",169,"10.1534_genetics.118.301824.pdf","kelly","yes",NA,"single",NA,"Kelly et al 2013; equation that uses the observed vriance in divergence to estimate Ne","440.9","kelly","no",NA,NA,NA,NA,NA,NA,"kelly",NA,NA,NA,NA,NA,NA,NA,"Kelly","Yes","No","Yes","No","no",NA,NA,NA,NA,NA,NA,NA,NA,NA,NA,"kelly","yes","How does selection act in replicate populations of Drosophila?","evidence of parallel balancing selection","multiple_temporal","lab adaptation","likelihood/mer","yes",NA,NA,"kelly","yes","multiple_temporal","experimental evolution; breeding in captivity","models of allele frequency changes","no","results suggest that hitchiking more important than drift, and hitchiking stronger than selection, but drift not quantified",NA,NA,"Kelly","no",NA,NA,NA,NA,NA,NA,"kelly","yes","multiple_spatial","genetic isolation; experimental evolution","snp","For our selected SNPs, Tajima’s D = 4.88 (using the median ancestral read depth of 324 for n)","no",NA,NA,NA,NA,NA,NA,NA,NA,NA,182,"Yes","kelly","yes","yes","yes",NA,NA,"parallel evolution of 138 snps across genome; fewer sites report significant heterogenous selection; maybe useful for methods","may","10.1534/genetics.118.301824",2019,"Genetics",211,"3","er","Kelly J.K.; Hughes K.A.","Kelly","Drosophila simulans; Evolve-and-resequence; Genomics","pervasive linked selection and intermediate-frequency alleles are implicated in an evolve-and-resequencing experiment of drosophila simulans","Time scale generation calculated from https://doi.org/10.1016/B978-012158861-8/50007-7","article","invertebrate","Drosophila simulans","experimental","poolseq","experimental",NA,"15","10.1534_genetics.118.301824.pdf","experimental","experimental"
